"V1","V2","V3","V4","V5","V6","V7","V8","V9","V10"
0.834371493937897,0.19654977656002,1.47833445941722,-0.150307477864079,-0.678807618879959,-0.511603722189581,-0.820986697119997,-0.995798724851333,-0.601892845985016,-0.560475646552213
-0.698403948311629,0.650113188667264,-1.40678671660781,-0.327757132786462,0.574312736347461,0.236937879127631,-0.307257232988639,-1.03995504376619,-0.993698591098714,-0.23017748948328
1.30924048218871,0.671004187901994,-1.88397213212785,-1.44816529018399,-0.704514526288929,-0.541589171621698,-0.902098008539463,-0.0179802405766626,1.0267850560749,1.55870831414912
-0.980177626888364,-1.28415776513223,-0.277366227607279,-0.697284584551622,-0.533984057229936,1.21922764704307,0.627068743114984,-0.132175132856735,0.751061302606323,0.070508391424576
0.747985102745544,-2.02610958278953,0.430427805191253,2.59849023212988,0.774384606617658,0.174135875106149,1.12035502842611,-2.54934277475043,-1.5091665373287,0.129287735160946
1.25779662068081,2.20532606437083,-0.128786668054707,-0.0374150136340493,-0.475621395338803,-0.615268316096478,2.12721355249353,1.04057345571938,-0.0951474508492868,1.71506498688328
1.2221833523778,0.231389929911167,1.1292645954138,0.91349189044332,-0.0244273788868501,-1.80689296408533,0.366114382931719,0.24972573598519,-0.895947822756499,0.460916205989202
-0.112160842700522,0.375642260184807,-0.246528493011147,-0.184526498264729,1.01900809628437,-0.643681105896039,-0.874781377193686,2.41620737314833,-2.07075107054196,-1.26506123460653
0.692200142934224,-1.1929685182981,-1.16554781579066,0.609824296161446,-1.20558039559856,2.04601885213282,1.02447486299323,0.685198238051097,0.150120131188143,-0.686852851893526
-2.13764149985513,1.13254984181008,1.51988229295041,-0.0527268089879745,1.59529386747203,-0.560762421131065,0.90475889369531,-0.446959308961992,-0.0792117092585882,-0.445661970099958
0.444235984040234,1.83947679495165,-0.234026743812637,1.36392195568146,2.041955459993,-0.835999305852858,-0.238248695902827,2.7973911469581,-0.097369267513081,1.22408179743946
-0.109286874357898,1.5278701045484,-0.283973587038927,-0.503633417134383,0.614481250043309,0.652947502777847,-1.55785490387231,2.83222602391551,0.216152541801233,0.359813827057364
0.599824655782442,-2.02362702275776,-0.263158284120996,-1.7090601686817,0.421931174136824,0.441293124842934,0.761309895393914,-1.21871181629018,0.882465164396587,0.400771450594052
0.108759073688381,-1.04050799863329,0.0560043037582182,0.898549683127699,-0.496421667693228,0.751629056591275,1.12914439564163,0.469031955955424,0.205597504483387,0.11068271594512
1.29479689861678,0.09779160179052,-2.31866188966679,-0.237734026494317,0.490961412826035,-0.277975085155337,-0.295107830705934,-0.21124691863215,-0.616435842873528,-0.555841134754075
-0.170650755658055,0.696840799385693,0.683297132017777,1.46340758053025,-0.501982169603514,1.12265421625967,0.536242818358026,0.187051146554012,-0.734799251921281,1.78691313680308
0.733739518696074,-0.5438885166101,0.721231898711608,0.124378266479307,0.288169818251616,-1.17260886019801,-0.275890474750511,0.227542728568814,-0.131802793041181,0.497850478229239
-0.105956081619216,-0.858549301944023,0.629245190810868,1.45374084383311,-0.686626008241128,-0.048876767973659,0.682315245137513,-1.26190046286905,0.310016986578952,-1.96661715662964
0.655762571951209,0.229785936335843,-0.411125620176541,0.350226959507424,0.788403786030499,-0.704140337217957,-0.117290714714849,0.285589580242562,-1.03968035270204,0.701355901563686
-1.23126609336929,-0.942643151607528,0.0993084268808665,-0.349025479659772,0.691368840963686,0.680758638017183,-0.344675863920062,1.7492473631418,-0.184308868842384,-0.472791407727934
0.606569514039166,2.04350430210435,-1.43491267164449,0.725598607819829,1.24299900805133,0.130006761402136,0.11162049819721,-0.164090004134803,0.967267260167914,-1.06782370598685
-0.389590456231888,-1.82549539989984,0.359780354270464,-0.459238429621469,1.98220971242917,1.10970808177014,-0.283405314982296,-0.162926710698454,-0.108280091234486,-0.217974914658295
0.394815020131042,0.508792207400114,-0.817055357054789,1.68475923125394,-0.646441834619146,2.05850086898135,-0.591017164454285,1.39857200633747,-0.69842066759439,-1.02600444830724
-0.875318548777549,-1.99632720673016,1.31689292485862,0.146584016803509,0.96618929222735,0.140655531724984,-0.315936931242398,0.898396240682948,-0.27594516842554,-0.72889122929114
0.54164091212584,-0.494322917187916,-0.9258235679908,-2.02985709292959,-1.42726744709521,-0.534616652198382,-0.00815215232553516,-1.64849481838129,1.11464854536198,-0.625039267849257
2.99152532733133,1.48433728415762,-2.05908538293546,-0.472170080106029,-0.457483758648024,-0.823516726518704,0.207495140718474,0.228556973262187,0.550043961214136,-1.68669331074241
1.54052050648587,1.12176857432144,0.172659183962971,-1.63237192678704,0.945466684608465,-0.263033982230645,1.53242362162584,1.65354723467773,1.23667580008161,0.837787044494525
0.980378794904776,-1.39986064809992,-1.63055613264585,-2.1783553060946,-0.738389150369058,-0.0696018363603779,-1.35799783095348,1.41527634991914,0.139097857161771,0.153373117836515
-0.619014968381663,-1.47609803629455,-0.927846619109304,0.0592086510876087,0.345640699877904,1.99180191472057,-0.199619050552942,0.41995160381423,0.410275096490425,-1.13813693701195
0.324860466266969,0.0581058397407739,0.804032290142514,0.647860636697636,-0.900444693895271,-1.12910954273777,0.631523127780826,0.721220807112894,-0.558456912348133,1.25381492106993
-0.158338330946089,-0.952976638746264,1.8723317486393,-0.761426888665313,-0.370350704115059,-1.09321743652488,1.76202090344287,-1.19693521218868,0.605370668930333,0.426464221476814
-1.98512889480691,0.405770114828656,-0.262678090014843,-1.32884232612394,-0.0407969264500623,-0.407966690317779,0.426014362615495,0.300131566881373,-0.506333542189239,-0.295071482992271
-0.240167897097374,-0.983938483895197,0.971651297680579,-0.602030747228367,-0.612318766406044,0.587559463498313,-0.0137534164753999,-0.954448935187822,-1.42056550469574,0.895125661045022
-0.316538046267265,-1.61012301596989,-1.37736386169196,-1.55052527235048,-1.94585208981637,0.821111859737407,-0.307556909596359,-0.458018068096944,0.127992965684126,0.878133487533042
-0.0896303158722854,-0.430168767896826,1.73050131428387,0.703001795150071,0.243096329527575,-0.907934699241847,0.41430816410829,0.935603683779603,1.94585121773144,0.821581081637487
-0.532006993707045,-1.22421063279672,-0.00508718145513425,0.574503005108308,0.474900095404527,0.127038606349588,0.98905792019639,-1.13689311169114,0.800914339573062,0.688640254100091
0.651828959763116,1.0866419673221,-0.779880243419497,-1.59529150956621,0.136714574061142,-0.0428929778975765,-0.183858310546053,0.266918250873058,1.16525338994626,0.553917653537589
1.91858057970287,-0.334805580381143,0.397543921415631,-0.624068861570706,-0.48874772568831,1.19520647042577,0.163761406846557,0.428332039471543,0.358855723093152,-0.0619117105767217
1.15565715134385,-0.0378407039000508,-0.809248936707142,1.04721605508961,0.900203657260438,1.08919223650205,0.216936344144384,0.0549119698396297,-0.608557178316224,-0.305962663739917
0.660185179168459,1.38059132989247,0.050323030248645,-0.168059235328074,1.07753566006142,-0.312280694434521,0.729277634209656,1.82218882183542,-0.202240855110284,-0.380471001012383
0.0550690875835367,1.85782124241692,0.101772041721814,0.00951589246488359,-2.37367085604992,0.0459937666619196,1.11138040702469,-1.02234732857525,-0.273248106811925,-0.694706978920513
0.0757323802746318,-0.0529502178125204,1.16912354606323,0.417240223978003,1.12457483752911,0.652722613401543,0.279160816939631,0.6061302614356,-0.468699779782087,-0.207917278019599
1.15752258181319,0.333336200779982,-0.566591093897041,0.626834196680769,-1.77954774715351,-1.65349263659697,-0.0761706715471799,-0.0889305674506674,0.704167283929716,-1.26539635156826
1.28164889939765,1.30909768203641,-0.375340288323561,1.20624313870859,-0.344550362435428,-0.310270965480046,1.39466313220858,-0.260832243833924,-1.19736350236541,2.16895596533851
-0.591946857097672,-0.17446224484665,0.123993538996108,0.772565368613624,-1.10917311375928,0.574872884002481,0.164534117605585,0.464091233852381,0.866366132112773,1.20796199830499
0.949803349503218,-1.04362586510721,0.897374477733325,-1.37756706406485,-0.630105782923093,-0.523232154380118,1.57785197879348,-1.02040059068393,0.864152486225893,-1.12310858320335
-1.18310978507429,0.994200366161547,1.89559699317342,-0.362426925315183,1.31688376872424,-0.0599182013481885,-0.0619226576195498,-1.31345091651841,-1.19862235906875,-0.402884835299076
-1.19265860477875,-1.52463453962983,1.58218645567045,0.302298495796781,0.534513388284073,-0.0210075354337069,0.613922964193686,-0.494480875483423,0.639491997900534,-0.466655353623219
1.59578333479431,-0.245253129149815,0.960255353783174,-0.109079876118132,0.493898085741881,-0.723653214316312,-1.54608859424524,1.75175714975545,2.43022665234451,0.779965118336318
0.0369392685017888,-0.402155077823464,-1.90307697710446,-2.17916528120393,-2.07799243134481,-0.994479836178391,-0.112391961337408,0.0557647746125201,-0.557215481941608,-0.0833690664718293
0.0337820994332734,-0.522744336367696,0.947324753875237,-0.758114724994385,0.196325342741564,-0.199867234998128,-0.0217945399608857,0.331434398227886,0.844904241408072,0.253318513994755
0.979023019683957,-2.75360875414907,0.753420372173012,1.01455115132308,0.628803153873898,-0.347027822807086,-0.758345417416546,-0.18984663767754,-0.782201845619403,-0.028546755348703
-0.19665658614585,-0.586900242207328,-0.697797127021826,0.158047162065185,0.860947143393616,0.834095065661453,-1.0358928844223,0.470492731953825,1.1107114182028,-0.0428704572913161
-0.84666438748252,1.26631293072596,-0.564930211034253,-1.47256043761472,-0.973247350475229,1.52988221249492,0.948159302551811,-0.951679543017146,0.249824719926562,1.36860228401446
0.138357324986206,-0.468870655033282,-1.36915034494198,0.215926206229537,0.937543052030658,-0.0119223793666472,0.91415873392772,1.15791046656864,1.65191539162316,-0.225770985659268
-1.70863333602975,-0.619043185207939,-0.0125469747796106,-0.158707473207847,-1.39520577829527,0.398671992491547,-1.29873199484646,0.584705260241351,-1.45897072853692,1.51647060442954
-0.472466103539983,-0.66613948273847,0.0906300156783073,0.671853873401115,1.73874301887633,-0.0704153139057291,0.424378794934342,-0.806452822691705,-0.0512978861253612,-1.54875280423022
-0.156740160934217,-0.874739293700878,-1.75355046064458,2.10655860175097,-0.798634290243535,0.601359843881131,-1.11254531995509,0.0545532458119923,-0.526925176125598,0.584613749636069
-1.44256268479559,0.146021703841,-1.58133763297504,-1.51590013106286,0.765024386769347,0.218495462278797,-1.05107322618156,0.716331619499123,-0.197264869076299,0.123854243844614
0.184764335937665,0.592780708087627,0.174485077417376,-0.505063521990801,0.317911345135436,0.236595501860209,0.525412448266355,0.557730982054603,-0.629578742686005,0.215941568743973
-0.732733102643874,1.44870575010661,-1.02688393836773,-0.138762940342402,-1.06360051761289,1.112915127616,-0.686024000093054,1.48193401587688,-0.833843580535001,0.379639482759882
1.11407753323473,-1.56609128850758,-0.299216322369481,-2.13620500038377,1.1442586560686,-0.987421149395455,0.993479982122214,-0.61298775489485,0.57872237461645,-0.502323453109302
-0.281042036472996,0.395353330683666,1.00771668611063,-0.031219995960159,0.0333768426273916,1.44786401312549,0.0385235990753455,1.11613661549039,-1.08758071407693,-0.33320738366942
-1.09100027664817,-0.153233959963217,-0.42591120128335,-0.593169037912431,0.818407774847846,0.349112412179829,0.536148975785724,1.03654800994122,1.48403093155628,-1.01857538310709
0.239222737737268,0.285286018572319,0.127064314826948,2.23560276857964,0.218192085822206,0.180822010712195,-0.523626697886161,-0.162483131902855,-1.18620658531375,-1.07179122647558
-0.0532176840575105,-1.03171726842629,0.615771024583157,-2.91797621388336,0.868497252409914,-0.560241851130579,-1.15122133494359,-0.975926692821885,0.10107915139528,0.303528641404258
0.0403178822322321,0.0455114176114473,-1.12465771102114,1.48822116820748,0.0216805208980772,-0.163877591582529,0.914752241002756,-1.08914519088452,0.532989286826481,0.448209778629426
0.215454744346174,-1.15361378713773,1.24267702194518,1.00802466769112,1.11522864969301,0.373684804430444,0.238071491562714,0.457786957944971,0.586735339092625,0.0530042267305041
-0.394021000135933,0.659703276387862,0.917015357279716,0.735091629620298,-0.352180864911126,-2.06371425739842,-0.239067759454706,-0.0711267337208945,-0.30174666386638,0.922267467879738
-0.326590873793965,-0.946189816730988,1.27296529299446,0.146811992724805,0.527288318248801,-0.601521948838093,0.0692353265457363,1.77910266685145,0.079501995328401,2.05008468562714
0.648003818354912,0.0635472785679089,-0.42620110290016,-0.710800295204202,0.378571522243943,0.58599161230581,1.32590834259925,0.535137960496205,0.961264151809677,-0.491031166056535
1.62673701629703,-2.12723267692916,-1.46431958960135,1.10563140078162,0.843859777098379,-0.294481786351775,-0.698166634620072,-0.371944875163495,-1.45646591707643,-2.30916887564081
-1.92569377349633,0.326966861093077,0.511162949780878,-0.885747065035595,-0.621042494956867,-0.800527545484263,-0.749408444463181,-1.02554224849711,-0.781739711532082,1.00573852446226
-0.135680412514509,1.10772289770159,0.618532251784249,0.694761817861876,0.177691497867866,-0.63569453113499,-0.619615052707355,-0.582401674605252,0.32040231431661,-0.709200762582393
0.979682304928802,0.766162876774896,2.54036862385644,0.402639185314637,-0.580165079131849,0.235749032414043,-1.58499126820987,0.342888392897331,-0.444781978336992,-0.688008616467358
-1.17921193210068,1.0536729823113,1.71949292604995,1.07623819643517,0.908637825733444,-1.63483238484751,0.819628137503742,-0.450934647056651,1.370003993971,1.0255713696967
1.16681337455667,-1.35594279846149,-0.464882764513658,-0.596546431488492,-0.636686379475083,0.871229240582207,0.192369646744246,0.51423012023069,0.673253863354836,-0.284773007051009
-0.379227415297271,-0.169301386573387,-1.00677729019296,-0.580987627977025,1.73223869637675,-2.16893467443595,0.207171974217929,-0.334338052169782,0.0721667524147558,-1.22071771225454
0.70775212141734,-0.069700988018414,0.620988963443898,0.302076563812211,0.790371602039116,-0.503339522315559,-0.0433473543476873,-0.105559908794475,-1.50775731753668,0.18130347974915
1.47376577810174,0.72019564869517,1.99324249254339,0.305685155514337,-0.0137079788538398,-0.787182478973486,-0.51016044142411,-0.730509672807828,0.0261002253262418,-0.138891362439045
0.898576833356327,-0.167781876538558,-1.18313396550829,1.37399835400225,1.20619647520582,-1.24860020954842,-0.823418613776223,1.9050435849087,-0.316415868196993,0.00576418589988693
1.21431502306541,-0.203278916015153,-0.780501608586493,0.485399428386068,-0.0845909401382518,-1.07790734011295,0.851856403292672,0.332621731470394,-0.102346513520598,0.38528040112633
-2.2078270583898,1.67812825011243,1.74769498790242,0.144840039347648,0.563262281636034,0.250077353605602,-1.42618467292015,0.230633640499451,-1.18155922705569,-0.370660031792409
-1.2733628036548,1.09093512802861,1.83718698216698,0.842619843915447,0.528194400015101,-0.11977403121588,0.440298941965411,-1.69186241488407,0.498658043829925,0.644376548518833
0.581466657889296,-1.75644462967178,0.194556414446477,-0.543607815762762,0.423038432410325,-0.30085263245286,-0.792611650757683,0.659791899549327,-1.03895644030703,-0.220486561818751
-0.910780798192153,-0.384610792994895,-1.62023028423844,1.0929718962791,-0.596764229709111,-2.32076377558186,0.282310214545467,-1.02362358887971,-0.22622198144241,0.331781963915697
-0.551874495500953,-0.992158187397834,-0.542570527423244,-1.02254160386159,-1.2508442776012,-1.32432071149579,-0.740690522190153,-0.891521574354298,0.381425829451352,1.09683901314935
1.38422224664466,2.9715850332843,1.16741884047502,0.338147371372873,-1.68160070977383,-0.131307112462703,-0.52334168268403,0.918341171021649,-0.783515789013048,0.435181490833803
0.116494123723035,-0.494334531346305,2.15373357487731,-1.70684576361273,-0.456296359001271,-0.87803515301306,1.76936591702701,-0.45270064650823,0.582991405680064,-0.325931585531227
0.0453178784831703,1.14803978343915,-0.0158765401725334,0.246449258206672,0.682793192202467,-0.796768930311008,0.668282618933513,-1.74837228000318,-1.31651040165169,1.14880761845109
-0.245585632015596,0.0962712490458892,-0.631445133964004,-1.56796313114203,-0.23903748350282,1.0495407129977,-2.14489702427566,1.76990410988936,-2.80977467896054,0.993503855962119
-1.59789551871642,0.108830210144798,0.30528731624952,-0.231484944965333,-1.20335093346794,0.175588348517341,0.126412416100317,-2.37740692539252,0.464967990785852,0.54839695950807
-1.88057396502837,0.495236949037723,0.144878603892084,-1.75745545006646,2.15647760195008,-1.04384462163877,-0.451812936257225,0.572811529859585,0.840539826961,0.238731735111441
-0.217766243830373,-0.142643497669046,-0.909335306190533,-0.639619829898748,0.702009423048609,-0.468696015002214,-1.13662618777767,1.01724924908461,-0.285845423591384,-0.627906076039371
0.354738794936102,0.832936996059557,0.591884173719186,-0.776166909934286,1.94661810026563,-0.28490348155087,0.209785890431194,-0.630967866660535,0.504126254591608,1.36065244853001
-1.31894478115298,0.559823773483781,1.39044430779123,0.554774652987968,1.21303635372129,-0.680295181235103,0.129965516019362,0.444287051411554,-1.15591652508367,-0.600259587147127
-1.80778009715662,-1.68509594570751,0.0131204272854507,-0.582122130085705,-0.611379118364512,-0.964053610494564,-0.328506572568084,0.439130388388555,-0.127148606825662,2.18733299301658
1.2755091369191,-0.555612312584034,0.625750200559898,-0.768595101872549,-0.411921203246786,-0.0518040820003942,1.97270356733745,1.04062315291451,-1.94151837604062,1.53261062618519
0.50699835111917,-0.523353123310595,0.252085033197336,1.22151568781476,-1.44068097826971,0.741194719519762,-2.24869006681656,0.484099387952522,1.18118089143852,-0.235700359100477
0.482094871689672,-0.506104326333761,0.461566093810851,1.66917040967207,0.74047345310968,0.226852003567295,0.838219387278491,-0.244883779092525,1.85991086154316,-1.02642090030678
0.917096497774865,1.06528488521985,-0.21362309040986,1.09348038421025,1.62365925222734,-0.200147012715761,-0.289023270462573,0.915992057940211,1.07401226028199,-0.710406563699301
0.554743570423318,1.48702703437434,1.19787605791361,-1.49124250514145,-0.920484878072598,0.387820244768823,0.656513410579383,0.800622356509766,-0.0273469664137418,0.25688370915653
-1.05550268160105,-0.921800949287066,0.231803133441912,1.27665308259526,-1.20219764681918,0.793918367051497,-0.453997700638682,-0.936569034135793,-0.0333303422759193,-0.246691878462374
1.25015505558455,0.541435465702584,-0.502841451950738,-1.2285375707397,0.882678068364482,-0.140513958248364,-0.593864562445098,-1.40078743399573,-1.5160676231511,-0.347542599397733
-1.27736005340688,-1.16976792602983,0.630457130487061,-0.0719510219818068,-1.51647903560073,0.455805198945874,-1.71037966639463,0.160277539993178,0.790385343888228,-0.951618567265016
-0.478588320720279,-0.557080376687621,0.957297525780924,0.734458203312735,1.92161155776854,-1.14557290708596,-0.209448428272738,-0.273962374775183,-0.210734180691776,-0.0450277248089203
0.333595621234046,0.298465543628126,-0.0744828631416607,-0.213887080390025,0.572135777806248,-0.249650688168871,2.47874580135709,-0.985539112562296,-0.656742925361075,-0.784904469457076
0.280998469151164,-0.188922789114515,-2.67816441082093,-0.150392803617815,-1.71489505383856,-0.420298275494042,0.989702208129369,0.0839306795150329,-1.41202579265831,-1.66794193658814
0.589335500714839,-0.680450203122764,1.63616438658732,0.125382426230553,0.354918895732423,0.195664503560041,1.67557215582683,-1.31999652648691,-0.299762496646272,-0.380226520287762
0.876592079389192,-1.25744854173679,-0.750630548636383,0.427858022106523,0.105181865810994,0.357319513842984,0.914965318314041,0.161226351326199,-0.849061135016708,0.918996609060766
-0.809672330735992,-0.31176653668682,-0.349143907623776,0.411350679073257,-2.46841353318467,-0.123617978997338,1.14426270796186,-0.62492838754192,-0.397030520327837,-0.575346962608392
-1.28742628778282,0.0524980457691653,1.61863073979497,-1.72636125386664,-0.0418580303239525,-0.766214222789801,0.902876414499107,0.957164274192481,-1.2175999877636,0.607964322225033
-1.16773308895199,0.562233812465,-1.89803988850216,-0.175648234059894,-0.587260767867037,-0.929714216784719,0.475392431765103,2.42448914116153,1.6875894829457,-1.61788270828916
0.574483137039138,-0.875816823362531,-1.1065443604311,0.286838523204975,-0.887296992757254,0.278520610602079,-0.582528773997008,-0.915979243686792,-0.0160025272079689,-0.0555619655245394
-0.462754276400969,0.586755962790902,-0.749450708751393,0.590740011639347,0.238716819750682,1.35683685227542,-0.532934737323476,1.05766417094298,1.07494507727239,0.519407203943462
0.412912128628034,-1.16383957087157,-1.31288137012789,-0.31736028416263,0.850890302293807,-0.787135594929695,-1.60083999637529,0.825149727768283,-2.60169967025765,0.301153362166714
1.18298161074152,-0.54611202207988,1.10328832396475,-0.702651640434172,1.72700883321405,-0.384798672297195,-0.00581771387999253,-0.0701942243053587,-0.453197829994837,0.105676194148943
-0.671733976875938,0.450377169868581,1.26449613364349,-1.36758780159598,-2.63250764609541,0.330680560251943,0.899355675856713,-0.453646374057015,-0.675482291592071,-0.640706008305376
0.924698947331539,-0.692515474185169,0.500876131100523,-0.728807248919832,0.743611327809965,-0.55462045006283,1.03192255652607,1.57530770683748,-1.22292617936591,-0.849704346033582
-0.64489251592825,-0.779596108965332,-0.439405825726849,-0.121524925642922,-0.952351111335292,0.121572314820453,0.0951327044554184,-2.00545781823625,1.54660915422409,-1.02412879060491
0.616813884899903,-0.047332659920564,-0.423679975612137,-0.635206048873192,1.15633016538051,-0.0475961169783602,-0.547627617221911,-0.643194791593663,-1.41528191976949,0.117646597100126
0.0340745981039207,0.03543456559178,-0.568073072207334,0.594702688120578,0.345861674157838,-0.776251590566683,3.29051744331853,-1.43684344365778,0.318390260408025,-0.947474614184802
-0.850439447987543,0.934481958737551,-0.524706366281828,0.367501230897759,1.44495717206043,0.831441251138311,0.736685531250424,1.39531343894608,0.846436285579692,-0.490557443700668
0.947850371730136,-0.233386020255715,0.482825593869976,-1.60873843468627,-1.48276130575666,0.84630783722297,1.42057530487914,-0.190703432644857,0.178190188418023,-0.256092192198247
0.722604398667226,-1.70078808299975,0.909263365392755,0.317331844798329,0.49463129762884,1.0241395066572,-0.337680640667324,-0.524671199469671,-0.875255477495516,1.84386200523221
-0.868606252322955,-0.655838098813589,-0.456577687018755,0.541704658217943,0.295159338034633,1.26799658618238,-0.0379576270545946,3.18404447406633,0.941165806724167,-0.651949901695459
0.0377018047450394,-0.630470468347582,0.318990398966857,-0.261326989914513,1.04786224591943,-0.506361787922575,0.448607097706726,-0.0500372678876282,0.170588081840838,0.235386572284857
2.52239807042822,-0.932327589303977,-2.38579275089487,-0.0264957619663642,-0.231168508634999,-0.464481896508305,1.67652231194829,-0.443749311866524,-1.06349790638204,0.0779608495637108
-0.751862790605904,0.321903702210027,0.075836973157585,-0.432238306953734,1.14401684592874,0.26121800049174,-0.311474545456128,0.299865250136145,-1.38804904760206,-0.961856634130129
-0.166712862493818,2.50176509605977,-0.878441856374896,-0.293386742786612,-0.444960875475881,0.630080976551625,0.853615666783069,-1.56842462075497,2.08671743449315,-0.0713080861235987
1.4028930698445,0.794167471420084,1.09853317980309,-1.00704012536731,-0.429237403893111,-0.339626156224904,-2.09481463432023,0.490302642672068,-0.678503145418437,1.44455085842335
-1.11369772678606,-0.154839559706279,1.18582440763367,0.425207599639901,0.0253793014557843,-0.423344808400481,-0.507254434081633,-0.0961632010799668,-1.85557165391804,0.451504053079215
2.380413636511,0.503667184079687,-2.19649538110396,-1.22481659233549,-1.06925217238229,-0.618271527554652,-1.29200907676331,0.468525122530146,0.533259362753652,0.0412329219929399
-0.667302144757731,1.44276824076692,0.92231751847207,-0.590464655327117,-0.456571640834288,1.48220189072674,1.1133627173571,-0.982370635937854,0.310230256060895,-0.422496832339625
-0.521432196322171,-0.309267177170206,-0.565728393717844,-0.91363806913849,1.11000382848242,-2.50816635204148,-0.164453088280257,-1.02298384214794,-1.3538343357226,-2.05324722154052
-0.0385537561204246,0.66448047052591,-0.163941021677803,-0.870917714356669,1.65182870430573,-0.16757803378388,-0.390374082006742,-0.693414663276185,-1.94295641358195,1.13133721341418
1.07467642177463,0.561899116459364,0.898500827015439,-0.368555639793572,1.11425467962836,0.0382128770535341,1.36909984619857,-0.767989573092782,-0.116302517158606,-1.46064007092482
3.23554281654337,-0.122634825795052,0.68916731902298,-0.485252516092759,-0.424865175188582,-1.05960960299357,1.11627285824002,1.29904996668359,1.13939629170942,0.739947510877334
0.483314635182074,0.0565460066372632,-0.819023245342681,-0.699961879182035,0.318479885539619,0.385425894820638,-0.898021203467497,1.57914556180809,0.636124035182149,1.90910356921748
0.619616219204552,0.65189100301244,0.320066756976218,-0.253433896782625,0.098489648944743,-1.96708768381011,0.427866487609647,-0.156891953039067,-0.492937424161977,-1.4438931609718
-1.37352867429314,-0.0262386429965182,-0.467075231215858,-1.58489760807918,-1.2590274729358,0.954968861111918,-1.22844456851225,-0.35893656058468,-0.834188231584378,0.701784335374711
0.141241738837254,-0.339508996123272,1.25185533604649,0.111038367521325,0.257408211140715,-1.6633605848706,-0.475615024211179,-0.329038830421669,0.271066756750545,-0.262197489402468
-2.35978263907092,-0.593989980081054,-1.57147258552999,0.631846158956852,-0.824293327671809,-2.20273488009703,1.61657763714695,0.0692364778530165,0.157353347216158,-1.57214415914549
-0.258273243330735,0.290962076036892,0.819754452082411,-1.28309869203391,-1.06062421894714,-0.763563825792029,1.45012795133044,0.0969042337010548,0.629711746692728,-1.51466765378175
1.46142509399092,-0.0550219977069135,1.39109608819633,-1.41310062159301,0.725505461365908,0.162080393912321,1.10901875546684,0.290034387765571,-0.395797950288896,-1.60153617357459
-0.198070049692169,-0.371738277193412,-2.60952500918578,2.23199711011046,-0.707931887106341,-0.651567164764164,-0.570903886330324,-0.746678941046256,0.899354053203099,-0.530906522170303
-0.0576426334267687,0.17658846965934,0.647746596960509,0.239507240812717,-0.144048750509615,-0.559286995277619,-1.88143147027555,-0.846896388820319,-0.830811527336248,-1.4617555849959
0.0390446413634702,-0.773066921989977,-0.362979582071462,0.0531929269048023,-0.973715576881434,0.333204975057779,-1.17569818402416,1.19707766374608,-0.330544700119963,0.687916772975828
-0.123729489633514,-0.802419608349066,0.110221751018043,-0.198507455577018,0.0559444258531401,-1.05890092148845,0.95255652462752,-0.548627361103323,0.740814523725905,2.10010894052567
0.100049582245978,1.37356613266313,-0.270074147559846,0.492647761120744,0.492346553150489,-0.0858495457604726,-0.290567886165088,0.303045695225451,0.989971608627113,-1.28703047603518
-1.51123341901236,-0.881356062680646,0.692097306933716,0.037241061093232,0.502545254666909,0.497932992929394,-2.16260814556798,-0.056970533803332,-1.93850470145338,0.787738847475178
-0.480871431890273,0.315788060527378,0.928280305471999,-0.545911952356732,-1.07525797722939,1.63398965670861,-0.180187487716462,-0.957849392150669,0.107190407016153,0.76904224100091
-0.341587648007823,-0.968386578638255,0.593130101339695,-0.432476067022042,1.25804225002658,0.479451881240197,1.41023922112458,0.591061909411507,0.60877901173463,0.332202578950118
0.569773368026909,-0.230609646495428,-0.106292768822515,-0.344484706333552,1.49297171304439,1.71476299216676,0.643468640519534,0.173104873492955,-1.45082431349063,-1.00837660827701
0.207376636370952,0.390362282133484,-0.42412912886889,-0.319669395772421,0.372910426410749,0.453160033529716,-0.821258543529422,1.39978335621251,0.480625599875217,-0.119452606630659
-0.75859247225466,-1.00953678417864,-0.14031375201881,-0.751698873596972,0.157479547884347,-0.00324112682536025,-1.54591665206502,0.117459584626988,-0.828174270396797,-0.280395335170247
0.849013844908703,0.595038671126996,-0.227291151311803,1.07410152344092,0.0773429033210805,-2.25653485624939,-0.826547225636788,-0.331545758200853,1.02025301216443,0.56298953322048
1.22658542110533,0.218915228575553,0.205061938233205,0.0938221556594885,0.257545945939747,-1.22465855193064,0.0345276713215226,0.278294913305364,0.538482032102641,-0.372438756103829
-1.27941767070771,-0.316606290644603,-0.824595488543724,-0.773066829488245,0.376423588722638,-0.318962623738223,0.888073700912057,-1.18559164903534,0.769052294995609,0.976973386685621
0.184011110654948,0.245466542402521,0.584580583678504,0.591248734948418,0.136823618948169,0.712270455853782,-1.93994015479026,-0.835894053393597,0.120719329287034,-0.374580857767014
-0.7490257660595,0.0750448352632334,-0.998298665870284,0.350228478678131,0.653823170914733,-0.32251357317817,1.02320175527412,0.510273251139431,0.863648434157753,1.05271146557933
-0.608148531230079,-0.839650033769067,-1.48428150612725,-0.137579581182907,-0.335768542377534,0.543648621254837,0.00545772658802192,-0.333120901223949,1.38051452831454,-1.04917700666607
0.419863624728317,-1.39706392020774,0.25777748308749,0.400881867040071,1.12934492850217,-1.06381135183874,0.569778969605829,-0.0659609463524635,1.96624801545563,-1.26015524475811
0.841849795634128,0.106131768782063,0.415290004058814,-0.906378995284437,-0.0376828117706237,-0.274129717350557,-1.65325556323487,-0.11522170942195,-0.028395054749065,3.2410399349424
0.380156936736672,-1.00472117009238,1.02541957291262,-0.198840252562068,-1.75569401653616,0.21700603247715,-0.666654380122182,-0.650512618774529,-2.2490510903324,-0.416857588160432
-0.534844330403008,-0.0352199893647191,0.726076067920901,-0.999154704327225,-0.0997203693834034,-0.359385718165611,-0.448234189265524,-2.01868865908242,0.0315260045939917,0.298227591540715
1.12971200930182,-1.64807616548373,0.219787376146357,-1.1838104344236,0.447020452653874,0.11283169498315,1.04389134830903,0.348834970176592,0.205561208449975,0.636569674033849
1.03188963184648,-0.929032489887539,0.691599611796066,-0.331398650181689,1.2300316728337,-0.670748026053258,1.02817404739542,0.761639507646859,-0.155345347144399,-0.483780625708744
-0.989382575570002,0.272110814193612,-0.980497735371133,0.168024801248484,0.0602104326151076,0.374345223259504,0.435090459248337,-1.28871623535013,0.568288620777075,0.516862044313609
0.31316852556151,1.04532279459033,-1.14060970386147,-0.913005530683512,-1.940069201671,-0.0810548925112574,1.60421218162388,1.48240271845861,1.01067796451426,0.368964527385086
-1.15966477035314,0.169278549215246,-1.21548799679483,-0.17505812828446,0.00483176592536138,-0.0470493466531285,-0.515411199745366,0.385154823687235,-0.517982430167822,-0.215380507641693
1.46673353907052,-0.994434982580189,0.0447285363233251,-1.83044612088624,-1.19921192196747,-1.94878708644615,1.01253719377392,1.34164029499387,-0.29409532715611,0.0652930335253153
0.270059578028115,-0.415337398323979,0.661470374680939,-0.446737251934726,-0.976105703649749,-0.673668581278741,-0.035940029790719,-0.957170471242288,0.397842208800339,-0.034067253738464
1.06713532118701,1.09363612666732,0.906392247142644,1.17066727472609,-1.02562705123497,-1.48964408489825,-0.667342096176409,0.166781288354251,-0.550223741489138,2.12845189901618
0.388143801506102,0.518684257567906,1.48370145305015,-1.15141589767973,-0.799226924512563,-1.6057180576203,0.923380038330837,-0.100013958938808,0.0912673834882354,-0.741336096272828
-0.108270386698755,0.787040338989375,0.329200587574838,-1.19293202004669,1.13712909055669,-0.493883100845236,1.3811003308495,0.768507431881776,-1.9617075988853,-1.09599626707466
0.750488542155902,0.996700953789853,-0.128191449344178,-0.21986145850709,-0.831528899543843,-0.160798367745603,0.878250416184849,-0.575859567912693,-1.11989972139762,0.0377883991710788
-1.10331774675753,0.377467977221097,-0.661276942989563,0.534670732983126,-0.439062773952966,0.283600225800619,-0.509403455422264,-0.0100976719524611,-1.32775547560413,0.310480749443137
-1.43268242639769,1.10937999763642,0.254068219646731,1.23610916552029,0.184173461400253,1.09126265030032,-0.469787634155099,-1.77865914874394,-0.853623696727242,0.436523478910183
-0.631153638334791,-0.973213955735574,-0.0643552748031504,2.65374072860382,0.89037962557919,0.444400296922585,1.377675846806,-0.7776214428705,-0.693304527930666,-0.458365332711106
0.263617951041476,0.299645255805759,-0.325129316662193,0.800893238074751,-0.666705010074985,1.01207034075848,0.352826406417748,0.12503388366511,0.38230514254637,-1.06332613397119
-0.413688070505232,-0.339482321326464,-0.677023065282562,0.671453526553663,-0.826223863869995,-0.526310287634533,0.829573979321121,-0.706321492388223,0.982113002522641,1.26318517608949
-0.465118741895463,0.201738895091501,-1.0058648980287,2.02792411706594,-0.518615722213841,-0.307840173188787,-0.338701983664306,-0.04356948581148,-0.727383529087535,-0.349650387953555
0.920851504045787,1.32539797092552,-0.982946998026845,-0.300924303869464,-1.17171869923338,1.08516888442625,1.26103493646465,-0.46792597392522,-0.996838982378005,-0.865512862653374
-0.502192713878502,0.50379348202283,1.46883036183792,-0.213349405510672,0.920033349469812,0.00120718393810378,-0.808755144962193,0.60693013616149,-1.04168885898951,-0.236279568941097
0.974456871806679,-0.629636693792144,0.250617833293516,0.253270149612449,-2.18195813409894,-1.68024471568337,0.625351520866631,1.16848830874956,-0.414588726363674,-0.197175894348552
-0.772935917727367,-0.350154112917245,-0.430071756633296,-1.42008804484053,-0.5276920773549,-0.846555519092125,-0.817174965568112,-0.822501412807523,-0.239029068152564,1.10992028971364
-0.256483362676747,-0.951338626808144,-1.57919107955978,-1.83543665542799,-1.44114002209388,1.00759205983273,-2.46257501658577,-0.307036558594728,0.483617533838269,0.0847372921971965
-0.826313344778546,-0.0898142512489909,0.192863736910639,1.80678937403827,-1.95678478418978,-0.61073725767746,-1.34295751067967,1.43976125836974,-0.32132484216839,0.754053785184521
-0.426199321602835,-0.499596898078723,-0.497300055180433,-0.574995742510381,0.0286581970792618,0.333444132777122,0.136295199210162,-2.19892325418371,-2.07848926886002,-0.499292017172261
-1.16169686834141,0.791572694963361,-0.0858915513421521,-0.457880856793051,1.53823566132278,0.0142226956806451,0.882922749625827,-0.319837791740735,-0.0914342755501383,0.214445309581601
0.446986972332676,-0.492727604293671,-0.207148755289783,-0.992955765989436,1.63464035479982,-0.496357607349662,-1.75130208309482,2.06470428414334,1.18718681065156,-0.324685911490835
1.18231429883526,0.710314711011948,0.776055388702504,0.144072596665995,-0.562776208352765,-0.350786392406381,-1.25142446891953,2.19359006906425,1.19160126851033,0.0945835281735714
0.283358694174729,0.720730133867399,-0.0686352590528387,0.591140522435689,-0.696955708518244,0.391720547858095,1.76454599657549,0.156595323350149,-0.78896321811123,-0.895363357977542
1.71226784466114,-0.435330216064654,-0.178001417030709,-0.228611237873408,-0.538226303471587,0.209578828892245,-0.433899349823264,-0.863608950613638,-1.54777654363757,-1.31080153332797
-1.64010000474981,1.42649174309633,2.3728384785312,0.0147046935473733,0.710110231783851,1.23467013989917,0.505700131930602,0.165457419490438,2.45806049186527,1.99721338474797
-0.751552073945755,0.0269243053279024,1.08720419757735,0.951392914928735,-2.56169696298002,-0.199819784434937,-0.526935321377321,-0.65277439594702,-0.162421942479419,0.600708823672418
0.524644402691181,-0.652818422046043,0.130018231301872,-0.0107680770137928,0.24770047442229,-0.923208042026682,-0.298582885151505,1.45281728229148,-0.0974512501056172,-1.25127136162494
0.633379288392583,0.0743993511918555,-0.731197996627968,-0.561343472177005,-0.405540381007554,0.165903101579443,0.0872442066052375,-0.806482655703046,0.420574188698147,-0.611165916680421
0.32699671904924,-0.990962518471982,1.17912968355308,-0.0606100814465088,-0.743938496851104,0.70533455324418,0.0109618427990058,0.372911595208748,-1.61403945661912,-1.18548008459731
1.74568499211517,0.650993279569504,-0.932649556192767,-0.842326346047997,-2.00612003132012,2.28196695572699,-0.192560211042065,0.619850074568692,-0.728219111191288,2.19881034888372
1.67538956644338,-0.89516798811002,-0.0480641732276498,0.101888083639531,-0.205826417782953,-0.463683013103733,-0.469796485143739,-0.757510160695849,-1.54044240529001,1.31241297643351
-1.4593043614019,1.29299293500947,0.852585748520976,-0.897925784148349,-1.64905677245587,-0.326353571908267,-3.04786088979872,0.851524681506183,-0.693094614010595,-0.265145056696353
-0.417404252867921,-2.0742065856962,-0.411312115325928,1.39392544527667,-0.0153078731923365,0.882493210397949,1.8686555003337,-0.747929970916306,0.118849433004561,0.54319405923209
-1.43403337067262,-1.11246012229362,-0.367209823908698,-2.48652390438096,-0.894901677513419,1.28128612650446,1.79042420824304,0.63023982965398,-1.36470945798691,-0.41433994791886
-1.03077397230637,-0.338345892460005,0.440309141403076,0.401294135810678,0.0463197241835662,-0.658681856604976,-1.10108174171923,1.09666163310355,0.589982679367313,-0.476246894615578
0.248256394147199,-0.700697519970714,0.139471132630852,-0.488027222960909,0.461004079383783,0.664570454944413,-0.168107522109968,-0.988442922383206,0.289344028817336,-0.788602837850243
0.351407773967145,1.34694517132456,-0.249252612008858,1.9871488081498,-0.503738767197944,-0.565157514042339,1.37527530471249,1.1079950409796,-0.904215025620639,-0.594617267459511
-0.780451694935575,-0.0604259719260048,-0.209374034941842,-0.234463430687309,-1.022398456216,-0.962178270242238,0.998290023052202,-0.489532871212412,0.226324942381064,1.65090746733669
0.301600444867741,0.354804415624792,0.250899225803122,0.481837360399392,-0.61174222903031,0.623360901900257,1.27660161874577,0.294353388436968,0.748081162493843,-0.0540281250854405
-0.727835428176207,0.707369557331155,0.466728667413922,0.386893969204339,-0.667393503214493,0.106497772201071,-1.0717469181598,0.20183747228877,1.06109525326174,0.119245236427584
0.249413868883769,0.152877951357064,1.29426181595304,0.247672409336777,-1.49327582905547,0.38933087814222,2.57726809619797,-0.427196386338202,-0.212848278646528,0.243687429599092
0.113145255522151,0.961010037635776,-0.419232279340387,0.518119835350654,-0.780618213906196,-0.580503496721951,-1.13345995977033,0.268102869997785,-0.0936367939110456,1.23247587848534
-0.284012580696411,0.439716226872132,1.31665945128356,1.99741373388409,-0.193405134857153,1.79497795592676,0.753916341883288,-1.23043092542384,-0.0867141349819251,-0.51606383094478
-0.960092462975384,0.698213804189321,-1.46521635684288,0.927508823680672,-0.220833309799399,0.665288009047707,0.141275980445689,-0.136136872184964,1.44146175605504,-0.992507150392037
-0.465325060092531,-1.48600746435487,-0.645086569893443,0.19642414887758,0.329541739887292,-0.374402425652033,-0.403710317962031,0.825790831665171,1.12507189227799,1.67569693240319
0.491146204122848,-1.12632173407088,-1.35290184950346,1.79026621898744,1.29187572312354,0.702748931010458,-0.379415798181019,-2.17412464922931,0.834401567757039,-0.441163216905286
-0.494181843877065,-2.2264074859866,0.30944156174369,0.583197749189959,0.333671031663867,-1.21451438389368,-0.991396812531003,-1.48792618735825,-0.287340799840693,-0.723065969939874
-0.325507791607573,-0.253272863743923,0.420861380723434,0.650333599101656,1.47578697474206,-0.137750126949227,1.62265979575681,-1.16193755759697,0.373241434166406,-1.23627311888329
-1.06976068195843,1.4317564961981,-1.36602541858539,1.2450301486185,-0.647925964720306,1.40335789868052,0.0895132277627515,-1.58908969414543,0.403290331220696,-1.2847157223178
-0.434114796822793,-0.978402832216023,0.0478644721567874,0.161106626019968,1.35066841000033,-0.188839311604344,0.259217949214378,0.419583039296359,-1.04167329428932,-0.573973479297987
-0.0248566438012168,0.315063222248321,-0.91386627420982,0.725490691457639,0.593408907817607,0.910490371995549,0.209632833061035,-0.992928349756011,-1.72830451532074,0.617985817166529
-0.729108845461425,0.440956164186974,0.493842855094217,-0.274480218132268,-1.19170888523403,-0.221922000189912,-0.375170753060867,-2.16454708532897,0.641830027651616,1.10984813892972
-0.38271233932852,0.23852639929048,-1.55491383941194,0.124836065396146,0.402171012485224,-2.29802640030622,-1.13402124475505,-0.63756876508045,-1.52931053118042,0.707588353835588
-1.10069412034449,-0.284222614442247,0.864717315822876,0.0396426273274589,-1.23769284056948,-0.880212545566096,0.253726309683961,-0.390635251474806,0.00168368848420991,-0.363657297095253
0.749164757240454,-0.618144042623548,-0.044407932368369,-0.63973303753229,0.947230675691712,0.22273568903497,-2.09363944995893,0.85678547377811,0.250247821348331,0.0597499373846007
2.20977517791002,-0.636767960604578,-1.03594269374147,2.03465321892986,-0.539746145027583,1.44655271093401,-1.41856694283561,-1.10375213599883,0.563867390305883,-0.70459646368007
-0.425230228920035,0.0174532471596551,-0.0829221120128502,-0.558897599388836,-0.236110187036619,-0.593402125000833,-1.07639669493838,1.1612892557387,0.189426237514811,-0.71721816157401
0.4666662872896,1.29963841108782,-0.265667025139044,-0.355779410672021,-0.679536488943232,0.275979011382551,-1.07867886267235,0.398362715628605,-0.732853806297125,0.88465049897692
1.58196744706869,-0.793507485143925,-0.364461374099185,1.32441739035745,-0.852178292364297,-0.964819289479567,0.107188816567081,0.362352157635545,0.986365859895462,-1.01559257860354
-0.384444162472612,-0.122534387113049,-1.49734909156591,-0.0206222292289781,1.70213970919678,-1.0164562413338,1.59848754832474,-0.852525670314502,1.73863376690625,1.95529396549246
-0.389164984085092,0.0992681566007817,-0.585210155969012,1.16812642718924,0.991804522902772,-0.777316643416822,-1.51532414406497,1.95366787989804,0.881178808925443,-0.0903195939658516
0.647275142770483,0.791413490106773,-0.17332762282201,-0.607357120914811,0.675213077027448,1.36906206733358,0.433676020596611,-0.164270832097155,-1.94365090132398,0.214538826629216
-0.952345799282998,-0.231328117024349,-1.48325220728214,-0.0128416593054387,0.0736199590039371,0.940310089910901,0.899544753321039,-1.82489758417833,1.39957618540294,-0.738527704739573
-0.173136503089637,0.637717307425324,0.302361385182744,-0.250936878426421,0.736333814551808,0.5936651573177,-0.989532202288876,-0.203856471392496,-0.056055946186268,-0.57438868976327
-0.55316507526113,-1.49673280807476,1.37311638605898,-0.969113640406662,0.661712776915951,1.11546255343648,-0.0527994015224791,-1.93444407073205,0.52491427931929,-1.31701613230524
-0.967837023816664,0.718399655443105,0.782087200345919,-0.30331195336701,1.60352059838129,-0.424424996733506,0.823610902622057,-0.310510115786673,0.62203323587106,-0.182925388372727
0.420695958687057,0.0963710077701884,-0.798532957525137,-0.655267139665184,0.85003977821244,0.759576936893122,-0.255509102547389,-0.422227003189619,-0.0966860732067051,0.418982404924464
-0.13881389317545,-1.09564527432851,-0.65686621713525,0.857447324947049,-0.206189006457514,0.209629277871549,-0.220684347251213,0.68182969040341,-0.0752631976487263,0.32430434416138
2.1695257924131,-2.33035863632177,-0.465692254480316,-0.290983583023627,-0.214892943259896,-1.04910092481282,0.307726791210618,1.00949618573749,1.0191570693309,-0.781536487054751
-2.84301789503408,-0.365336634931301,0.605893415386905,-0.0827812044442989,-0.468072564336127,-0.831062222281743,-0.0600132533332709,-0.726104964901155,0.711601922486244,-0.788621970854002
0.645281929502748,0.668860732126122,-0.0395195372513891,-0.827844692804802,-0.363738560815834,0.0500529319191458,-0.555652889939218,0.806108868375026,0.990262246044231,-0.502198718342861
-0.821321707080598,0.319055295918316,-0.945056502792231,0.215199005610929,-0.236683939495527,0.205630061496544,-0.138615019460891,1.42432310966876,2.38292669523033,1.49606066984635
-0.286229169578084,-0.364166389785408,-1.51198461058447,-1.61193635690363,1.22288074959827,-0.321358418660978,1.88283979238647,-0.784144004842646,0.664415863694087,-1.13730362066574
-1.08880098387599,0.0500653563275891,0.559297162978602,-2.94987178428323,-2.32835963269809,-0.996491243786537,0.873668679606028,-0.652404366499333,0.207381157385307,-0.179051594380198
0.578400488855279,0.155990601900036,-1.04396345037488,1.88010634326583,-0.701845828410341,-2.09089194048916,-0.914597072827623,0.650778363153682,-2.21063311057562,1.90236182167893
1.35541776928185,-0.752410526194919,0.497012072437788,0.757261697422699,-0.132880719366657,0.425235479441099,-1.24491762233132,0.183047969943935,2.69171400324612,-0.100974885328808
0.489112200603266,0.0545550789313691,0.0730709155813911,0.634728634060444,-1.2832584037532,-0.295271709137097,-0.359982240682608,0.548774960444283,-0.482676821796308,-1.35984070382139
-0.911856524356647,0.112268546968159,0.721771014943123,-2.23650826580299,1.61910061010553,0.54916088318128,1.32877470094798,1.40468429454756,2.37473471509539,-0.664769435274062
1.61447746884251,-0.72283146044824,1.09417150104969,0.677129117027189,-0.233948301011858,-1.54589181325016,0.292679118416953,0.387083119576395,0.374643568004988,0.485459978904878
-0.163726665585519,0.198195563814535,-1.42329438949761,0.519814270578053,-1.11691813121359,-1.25333593531244,-0.701505236840661,1.05170127017537,1.53843019889679,-0.375602871669773
0.178738701781817,0.310560313837698,1.02230365754448,-0.0776550413999491,-0.891613786810676,-0.111331874671968,0.88223456781802,0.622905462337194,-0.109710321176239,-0.561876363549783
-0.0492386288291377,0.52632360170575,0.687815078920929,0.825038762653747,0.87239516251344,-1.4128135356317,-0.133370388722892,0.433620389808855,0.511470754698125,-0.343917234128459
-0.215800723580408,0.711046522019671,-0.307454889660927,1.1205690307062,1.86900934050409,-1.98295385072071,-1.12067849929142,0.386084438184412,0.213957979642262,0.0904966471392212
0.0809770830406314,0.410310613259374,-0.0197490555703713,-0.122163599186946,-0.124268503812241,0.783595407833566,0.461192454211788,1.29132330445808,-0.186120699373496,1.59850877114583
-1.03055273658386,0.301398927192011,0.488398385701636,1.94533707765883,0.107028807376313,0.900869339749533,1.52414281017881,-1.00225987371065,-0.120393824622494,-0.088565112138884
1.15321130232285,-0.0954300964622639,0.660500810354084,0.988362699499805,-0.948535060055103,-1.0299636420045,0.434468298132828,-1.10518272915749,1.01283433584425,1.08079949615152
0.646328884938565,0.448760305225703,-1.71404332731453,1.22438538128579,1.31664471072918,-0.272057268566593,0.192000371138929,0.591946003397209,-0.2014581469715,0.630754115650567
0.0788285553783438,-1.26924504211123,1.45885698110729,-0.315117614832637,0.722656926345969,-1.13397290517125,-0.656243128417058,-0.119689664133114,-2.0376824944408,-0.113639895506141
0.945405729852455,0.654270193041473,-1.40789548336394,-0.131122855661501,-2.32925346285753,0.316426916752984,0.568398530869528,0.0740052116849605,-0.195889248829828,-1.5329020028906
-1.22214879072262,-0.534909374630435,-2.0811641192689,-0.922585422453901,-0.645232545817526,-0.0296783010019916,-1.07057053489039,0.741277377171399,0.539790605536274,-0.52111731755252
1.08512896360543,2.33752882268268,0.954239385650312,0.407369085480355,-0.234117494341529,-0.869460450959366,-1.65314902448089,0.753295047849076,0.61645571635144,-0.489870453138474
0.212001873527642,-0.596338058924886,-1.51159225445321,0.264011434380507,-1.10816067338053,-0.774217543896185,-0.0433527684937541,-0.262670503361778,0.616567817477434,0.0471544327615272
0.503221026911538,-2.88762982904888,-0.224143134032667,0.0912835539416647,-0.273224175602157,-1.0620811934282,-0.0345935057990383,-0.312543868997102,-1.69210152086908,1.30019867766682
-0.455711994077975,1.37208530087141,-1.34652889551142,-0.680687428865753,-1.13344115426419,0.436374262192543,2.36505553200281,0.0735986090078693,0.368742058011194,2.29307897383109
-0.782293586541174,-0.598652381678844,-1.79458430934769,-0.231969495130984,0.359307953730572,0.571008847814101,-1.2163473078919,1.06301778929474,0.967859209947064,1.54758105898377
-0.54620305037046,0.592950917859602,-0.442113996050495,1.98511178276459,0.335644763865137,0.376474894415886,0.170906323349044,0.426020486679004,1.27657868146766,-0.133150964328944
1.03625304627522,0.22574206980329,0.647112024498933,-0.929159357105225,0.81098435313938,-0.842889697415977,0.805053093622193,1.43300751082319,-0.224961271044116,-1.75652739555764
1.09077665503263,1.09631206213814,0.315899380117686,-0.406090232626196,0.416456135933571,-1.78616962823527,1.05059284411588,-0.00763687041997194,-0.321892586182801,-0.388779864071743
1.55487239810675,-0.903266023923327,-0.642473816319186,-1.40343255381246,1.59411403885386,0.530875663154472,-0.0107244846593236,1.12566760522075,1.48783783187804,0.0892072230732945
-0.0619972054953878,-1.18906159124793,-0.0157570470708231,-1.24072906757593,-0.386137877288101,-0.177058947394319,-0.743256141429252,0.883002311017247,-1.66792804577932,0.845013004067436
-0.756056442753469,1.06496900017888,-0.0986951474975073,-0.286765201435186,-2.15330336743643,-0.0393923499714967,-0.0657840518699871,0.61208346090007,-0.436829976913125,0.962527968484271
1.47246617375261,-0.958567467505941,-0.0235244885614462,-0.391287301787077,0.025659213079887,1.03212798487339,1.93975599193716,0.414700706778464,0.457462079357455,0.684309429416465
-1.55194489509854,-1.53369411787315,-0.446038295193204,-0.616901564232573,0.649848845025497,-0.8935158344016,0.482739008175833,-0.279882397142518,-1.61777376538123,-1.39527434979947
-0.15888537828916,0.777969495009857,0.360949902610342,-0.773844309532882,-0.401235599512803,1.14401532568501,-2.04447707255807,-0.109037509169232,0.279627862431757,0.849643045633355
0.603257019789009,-0.0652582755903693,-1.08270251099142,-0.196626923218971,1.40087647763291,-0.413191495212929,1.42345912865025,0.229395495708467,1.87786402105219,-0.446557216427222
-1.16228473907955,2.27820422438891,0.377517395774565,1.13402054312043,1.09476867868607,-0.713187821756013,0.540502660915081,0.0488888906792862,-0.00406065343634058,0.174802700161256
-1.56009578379087,0.343609622634679,-0.339407704479161,-0.357801185526678,0.537493298921215,-0.205746143817567,-0.033571771837525,0.943224468386221,-0.278454024963586,0.0745511771737346
0.489185585613409,-0.353092740361297,-0.335598592028236,-1.2832038636231,0.0697747577746106,0.390019728842846,-0.0178636211100986,-0.109317123186431,0.474911714034054,0.428166764970505
1.62105050747679,-0.627184549894849,0.7058040936338,-1.06905180450069,-0.551500633193785,-0.207215645255724,-0.149789719793403,-0.0703769215878276,-0.279072170787307,0.0246749828261399
-0.714736528438557,1.68460867330367,-0.427571822018134,-2.00434764907113,-0.176943367781943,-0.900507220547859,0.25655948095525,-0.484319087565665,0.813400374079065,-1.66747509758566
-0.686687437166656,-1.21492788423149,-0.985350251537578,-1.71051632221807,0.469177847669925,-0.281624278790779,-0.503866933037016,-0.138336328543328,0.904435464449695,0.736495964773442
-0.941603766118093,0.616962045310911,-1.20303834151224,-0.747420182762966,0.96779678824769,-2.54193110113798,0.277011251660008,-0.0687656423038444,0.00269166123012091,0.386026568349676
1.48472599900393,0.561680015246336,0.669032743364687,-0.976415461234376,-0.296114656814332,-0.508511681872445,-0.931356024820741,-2.31373577389942,-1.17669215774973,-0.265651625278222
-0.707935194370652,-0.572805931639577,-2.33328737733905,-1.14902611060112,-0.728253258423636,0.455966217539027,0.200146875274757,-1.36483169721432,-1.31822072745909,0.118144511046681
-0.837443806426317,1.53571787982434,-0.416915573563025,1.98924365380742,2.4756058618661,-0.169259774532087,1.10683742066645,-0.072486909951959,-0.592997365655317,0.134038645368463
-0.804029989369464,-0.74765546446844,0.181456387645657,1.7511310826985,0.5185571703497,0.688327722261226,0.509206113653801,-0.265283774864499,0.797380500549836,0.221019468561002
-0.58790398966908,-0.019471857856035,-1.37496040815191,2.56440930061295,-0.903603205337453,0.48598243397446,1.03374967645111,-1.20086932820744,-1.95820517465693,1.64084616597749
-0.597717941949531,0.387628403916459,0.00696295872373336,0.776495901541338,0.930979056343251,0.645646746355588,-1.09086876180262,-1.99153817604302,-1.88632515873255,-0.219050378933476
0.606447474560152,2.32312597346536,0.670240018934236,-0.161248544839263,0.061686497897853,0.656044945025482,0.0547927844725968,-0.354369219913427,-0.653779824760103,0.168065383884658
0.301728112720811,0.615152238314757,-1.82442858730991,-1.04326069445062,0.826789248521633,-1.73858076137427,0.617250302722063,0.653495765694276,0.394394847980585,1.16838387306909
0.474748254024927,1.73154802913209,-0.887213958856379,-1.10076626213621,0.0517969525608289,0.00415968001844305,-1.06800486773328,1.77323863192756,-0.913566048164992,1.05418102337692
-0.63020028988294,-0.728562623202175,1.76226244398383,-0.496873947470779,-0.0584290512452095,1.63006733460683,1.56581433705846,-0.0384567937093384,0.886749037096059,1.14526311038036
0.724514310071569,-1.74544030678352,-0.65462442147273,1.28052092659645,0.0906116207122605,-0.480485227044419,-1.03480801098526,1.49318484062772,0.333369970155182,-0.577468001059557
-3.04313484257759,0.889356785182597,-0.966094459928818,0.666470562339114,0.412780797052548,0.452802442420564,0.16451870850584,0.0830221576359683,-0.17063961823861,2.00248273029283
1.12770217136719,-1.62846899968612,-0.857718561750186,0.889500197272317,-0.61008573154393,0.143393730979936,0.151832330355081,0.11553210425956,0.81882813653178,0.066700870930183
0.199846383343375,-1.34221036389457,-0.434319399579906,-0.187121427736611,-0.65536323027314,0.557012225188023,0.121670301966854,0.324825313348747,0.388365162819368,1.86685184470686
-0.405102186288378,0.610770202238328,0.185919886253164,-1.55363634292591,-0.184779206139361,-0.272030117170514,-0.210424583643468,-0.870577245260919,-0.445935027212156,-1.35090268603071
0.475527499245612,-0.0557766266686415,-0.703667266915411,0.326402671779581,0.171301431637089,-0.648299296516002,0.449936787146205,-0.0517182128948834,0.23111493441816,0.0209835863542375
-1.22312208393652,0.84701928165966,0.201719599167546,-0.214611972064497,-0.317376455269396,0.071960844365645,-1.03116449189746,0.908447698792251,0.647513357977592,1.24991457096922
-0.632713554588276,1.43317474126775,0.701952747275458,-0.303958307149332,0.316984562457902,0.207814830703413,-1.28936418822322,-0.749725786852189,0.356283344862047,-0.715242187222796
0.109171617679726,0.912744882660601,0.336181512220115,2.18417322839228,-1.101735412602,-0.185332289683865,-0.654568638113246,-0.321606069887961,-0.658010207949479,-0.752688968217742
-1.56255658413609,0.382329981106898,0.74982570129541,0.869691283218553,-1.43095845286738,0.0314406650264462,-0.0573241038477797,-1.14777075045925,0.855202205064192,-0.938538703606894
-0.040245432814847,0.552018613628635,-0.800882335188553,-0.228406203687321,1.89201063250808,0.411351933690778,1.25674782035705,0.354352196449355,1.15293622555862,-1.05251327933874
-0.0363299297187298,0.144826651838118,-0.122741393064011,-1.90344641952332,0.397877113060311,-0.776183890462463,1.58745413986454,0.424799782389022,0.276274556543337,-0.437159533180399
-0.278925581491909,1.70839228572527,0.664288591501356,-0.286641470723756,-0.397028133394579,1.13967765719806,0.319481462544746,0.648347351224082,0.144104662462187,0.331179172958982
-1.29312944937939,0.0523893824520919,0.0549578832347883,0.990388920100186,-0.279957848490363,2.20076027074659,0.381591622693148,-1.2198100315169,-0.075625080779838,-2.01421049792072
1.16680080614526,0.807143831935644,0.212695033841387,0.37282099271425,0.78511853104356,1.47720532873484,-0.243644883639445,0.107235034754764,2.16141584630279,0.211980433372292
-1.48537404711266,-0.940116280192513,0.0508606797200874,0.272107368015517,-0.210320814229356,-0.454417850707568,0.0480530840530341,-0.944057691649846,0.276315532135793,1.23667504641657
-1.47712041031981,0.0392422368472649,0.182916850669564,1.04509363912809,0.192114963876683,-1.82288726903245,-1.40454586110179,-0.000384648716023502,-0.158294028699944,2.03757401824044
-0.58264035626689,-1.99762732818409,-0.0246729283718233,-0.169009987214824,-0.264725626098451,0.0541979571095952,0.289933728895764,1.34262392000608,-2.50791780219725,1.30117599220059
1.54930379091226,0.138729601683047,-1.09939099821092,-0.345802025216759,-0.501391057936759,0.880273220604069,-0.535553582293745,-0.503525286934276,-1.56528176503053,0.756774763795962
0.10688293076497,-1.48827676613971,0.173999331072479,-0.253966133668967,0.602189813520256,0.778106697935667,0.334678773100549,0.716683320938825,-0.0776732006105648,-1.72673039911433
0.259566728752779,-0.132874384428308,-0.45536672234928,0.734512927460703,0.141494558350148,-1.22974677471174,-0.345981339154502,-0.749668584083695,0.206294044843098,-0.601506708006782
-0.215988701887296,-0.240116874283649,1.43577886180154,-0.269348130964323,1.30181266697034,-1.11314851074341,-0.661615734836447,-0.478528210450305,0.276872458861614,-0.352046456582617
0.270847411651089,0.972019277591751,-0.529590169612876,0.760301142439061,-1.12539685767474,0.133744634877637,-0.219111376802046,0.438721750586617,0.821506780448618,0.703523902756894
0.633189247403892,-0.642231450884744,0.152151396071861,-1.2281836193586,-0.135307406049395,0.626081345376854,-0.366904910633707,-0.679112270457868,-0.194152409320457,-0.105671334003774
0.707469331514634,-0.664178443147495,-1.97326132409618,-1.27106502138202,-0.208988948819788,0.872931663855459,1.09457820784237,-1.70296483514544,1.21458879448256,-1.25864862806017
1.37068146839201,-1.97301371082498,-0.658878760701194,0.127383608306443,-1.07486233391367,0.816391978938957,0.209208082437128,1.26516843521333,-0.921516042869578,1.68443570809411
-0.778056134077629,0.62038170075029,-0.828452648882737,0.760383157988027,0.997858726258268,-0.967975491966489,0.432491426153216,0.360357237879846,-1.20844272044307,0.911391291795963
-0.158113544897406,1.08867161825065,1.23170354306709,-0.407652916022205,-0.107399749074144,-1.31260505619999,-1.24085358580078,-0.58363944056009,-1.22898617755381,0.237430272491026
0.413538663207615,-0.226077238947635,-0.151085950935197,-0.577421344918043,-1.38555799043147,-2.01251977795928,1.49682170962802,-1.9940787873306,0.742297024186518,1.21810861032581
0.825075725328577,1.48023793951334,0.144956274656509,-2.83937616690889,-0.59214062739422,0.504932697727817,0.159370441160762,1.9022097713993,-0.082919942339226,-1.33877428723497
-0.333022248776666,-0.409756055441592,0.300296912049029,0.374320874220963,-1.10533356064609,0.828111565769426,-0.856281403403253,3.39037082127154,0.789817921820499,0.6608202977898
0.650773965410399,-1.00232204198398,-0.531111479264658,-0.902854978742815,1.03908851261442,0.335850688825044,0.309046645446821,0.207480407355457,-0.267706421557085,-0.522912376313422
-0.548452682937463,0.229145399273747,0.300715141684049,0.402574906183067,2.54290445686211,-1.05912444601131,0.870434029844877,0.849806647511189,-0.591892102212813,0.683745521850712
-0.341476452668467,0.686284539494493,1.50662404051982,1.4272117229534,-0.673715819136411,1.56771674994935,-1.38367713830156,1.22456031207416,-0.368352575126506,-0.0608219546600742
1.01214376625149,-1.49352037264224,0.616992709956802,-0.495919045927329,-0.0922300081017977,-0.370146624363391,1.69010697003056,-0.701804433538609,-1.85261682424173,0.632960713031451
-1.88275450185253,-1.6356334016827,0.714400058203048,0.696725381553881,0.279735034290658,1.77903836149569,-0.158030705178362,-0.35119622955654,-1.16961526041411,1.33551761505939
0.221546740723215,0.0464198809005516,-0.834522825751897,-0.152545773297634,2.70895941900681,0.551402005080575,1.12117078064864,-1.7271210366452,-1.44203464635845,0.00729009031689879
0.925939991622145,0.480435287129279,0.179047539276805,0.368604635711658,-2.32900346367574,1.19031064508552,0.0722613190889151,-0.736578232271872,1.05432227197535,1.01755863695209
-0.344776981722618,-2.34448637435628,0.293346436715331,-1.15579938527956,-0.513955735696316,0.330602226294406,-0.332422844566724,0.622409782886114,-0.5973300913628,-1.18843403514798
0.624855729729621,-1.70618749954248,-0.655101630091572,0.417823594928106,-1.20279475722774,-0.0646522280998777,-1.83492004662686,-0.29071598924087,0.78945985279018,-0.721604440436015
-0.706496293740966,0.307769939615024,0.117420548335933,1.30496154444897,-0.227624806236914,-1.01254806837321,-1.10017221858719,-0.214211534183077,1.51649060169196,1.51921771138818
0.171207414363386,0.888734457216717,1.97352809039938,1.79671185562111,-0.275899217586007,-0.55851419019136,-0.0413402999174309,-0.112559551502516,-0.191774809109942,0.377387973023929
0.00977875691569575,-0.380935589430475,-0.974533231961422,-1.18738065485708,-0.72980880602493,-0.0471078362764253,0.827852545117142,-1.8636669824956,0.283878906352351,-2.05222282043373
-0.0285917181661211,1.20042237058618,0.552947651207812,0.533685008357217,1.83415571752355,0.282074067985043,-1.88167865415457,0.83762993423167,-1.75106751939608,-1.36403745208238
-1.27578726414557,-0.613786417628227,-1.07382112975227,-0.508024170765753,0.257065337064977,-0.0332192123310964,1.37544111232424,-1.44349288893542,-0.818669777519803,-0.200781015589121
-0.162588041070684,-0.166695812608068,0.351996769280441,0.522720628103725,2.39358537418796,-0.177971989093417,1.39899046430298,-0.208570162415648,0.0562148493828386,0.865779404334488
-0.813952668017409,1.3497427411458,-1.04182477574096,-0.178463862456432,0.823616626218353,0.183485516942061,-1.14331625591094,-0.43856346205883,0.299086903336152,-0.101883255715222
-0.35960728144336,-0.08155736257615,0.590351151685933,-0.248033265601507,-1.26531215025604,-0.524372042597516,0.47230056219311,-0.218593816856198,-0.759398117298882,0.624187472020653
1.02424399526782,0.0258731020851069,-1.26843989879875,0.682099496739719,-0.753491215068184,-0.53593745633951,-1.03363921335421,1.45996594473579,2.6848589992268,0.959005377787825
-0.566592582056899,-0.899870707064619,0.0204776647071165,0.746201526735843,0.273038419162952,-1.45570470165602,-0.125199978688284,-0.582059917915369,-0.458390139092389,1.67105482886294
-0.0327291610703558,0.0670106043901452,1.34131625877434,0.279077037786067,-0.577898941085042,0.846271470268007,0.928662738846683,-0.783097595711896,0.0642435566300379,0.0560167332749619
0.103023621831118,-0.644265584699205,-0.222474087449441,0.46404938204628,0.35428968907761,0.046932368001524,0.868339647698771,-1.51965399494385,0.649791867153518,-0.051981906180899
-0.189466034412415,-1.79943951694229,-0.106397594203637,0.378460412533289,0.732572641958218,-0.0836242334273476,-0.849174603633478,-0.805698081611249,-0.0260186347739953,-1.75323735914227
0.806090490556974,-0.970491872039209,1.40419031178976,0.278374001552994,0.421122276651071,-0.740918614774916,-0.386636454475566,-1.16618470736774,-0.643567387027114,0.0993275940878275
-0.0424478238394652,-0.23864909058919,2.03629655316149,0.0912301601069542,-0.13461283417085,-0.247773863902407,-0.976163570997166,0.407946196248296,1.04530566396331,-0.571850057895563
0.154898225663518,0.163631745977142,2.48310511270667,0.915610225764827,-0.643538933862576,-1.0867828557013,0.339543659904915,-0.863004246007877,1.6155453232072,-0.974009582804091
-0.890281200482892,1.06803589634442,-0.393625324430424,0.709899292255341,-1.28932068916416,-1.04929735235275,-1.55907516443377,0.304042035028136,-0.0296939710498354,-0.17990623104754
-0.382259076212963,0.0385342268220356,-1.05513659065903,0.793932838572023,0.340894898598314,-1.9189517717066,-2.62932544155136,-0.146427487847921,0.562267345403066,1.01494317274366
-0.64700443202483,-0.127406724329176,0.651154342417501,1.1069684984941,0.922335674092897,0.981698772648436,1.46981228187286,-1.4335621799108,-0.0974124985026302,-1.99274848868858
0.474278292025528,1.10613338969307,0.435595444256836,0.549337333014554,-0.0796694097451784,0.125964082145297,2.27347291299472,-0.790607785722698,1.01645521770216,-0.427279287205429
1.15152892329233,2.41505639305858,1.28520823436664,-0.152998328694666,0.75361765272448,-1.11677637555443,-0.455033540238828,0.885112455057677,-1.15616739425985,0.116637283582706
-0.460631493696267,-0.0854377496312043,0.150213367683698,-1.08947042324526,2.227529683524,1.1637866037459,0.761102487094892,0.903076085954568,2.32086022399448,-0.893207570054953
-2.21526238484571,1.17798559053759,0.160819359448959,-0.488032453801593,1.93382128195771,0.624591683369118,-0.00750278370972113,2.00557327430063,-0.603531247788338,0.333902942499225
-0.845512772514131,0.486182864879867,1.51375863443316,-0.869954917300795,-0.494905476776135,0.742382274584664,1.47431379971599,-0.00358030839978085,-1.45884941443809,0.411429920615731
-0.934275894673734,-0.0760459783736424,0.161990769974966,-0.298508586975253,0.546711841395066,-0.225770566942818,0.554143932569381,-1.49582681398214,-0.35091782719307,-0.0330361592759917
1.18075478725766,-1.92088504995097,0.68223512694434,-0.525294572640387,-0.702210637746134,-0.422872006585657,0.203663965116151,-0.768417027015159,0.146708484145002,-2.46589819376003
0.142993683957656,-0.967552745503026,0.484517544998582,-0.196685815876952,0.68981342390161,-0.0980529020064929,-1.79913645176587,0.408488504840148,1.62362120768023,2.57145814586664
1.56473745939815,-0.556743932301024,-0.0444719203914545,-1.02389991827425,-0.0583631400767486,0.404690656237582,1.08295568079775,1.90013633489472,0.91120967677132,-0.205299257468199
0.400904127545379,-1.11020718374346,-0.53481116323028,-0.622302116573955,0.277587578066646,0.799914606641116,-0.350853615046856,0.110009123439723,0.142458432045787,0.65119328158767
-1.54755722071225,-1.16124993960642,-0.337547843522416,0.35558715707793,-0.859014614409201,1.58946914995693,-1.40349008471503,1.14038682512847,-1.38948352398816,0.273766491036548
0.494910618258433,-0.412925484950059,-1.94852696812301,0.213605953502618,1.20537791583264,-0.509070404137271,-0.20179666491333,0.768081304692261,-0.866037744672114,1.02467323481835
-0.747853894850659,0.951889434480402,1.27845501649895,-0.404069681572142,-0.0841799664768694,-1.01556474815148,-0.126778159792303,-1.16809162211733,-0.163284932229294,0.817659446374088
0.000603359390358705,-0.920180526501519,-1.59511082920805,1.01282233205102,-0.445919957955063,0.100858665610429,1.05920687266615,-0.171112652264859,2.55302611346059,-0.209793171228509
-0.101653371124766,0.118175117960979,-0.590700483309733,-1.64112944133307,-0.0766213726151868,3.02210418529039,-1.167396032264,1.30526153634768,-1.86022757421841,0.378167772208507
-0.144058142629655,-0.202992795359762,-0.370331045729754,0.482758608560415,0.0763983799958751,-0.428615845083704,-0.557643627318445,0.876096109595914,1.13105465184602,-0.945408831123893
-0.331369056733852,0.79309979915499,1.20552835668786,1.56983056712062,1.63686401169385,1.14568121778476,1.48811992838316,0.463796141567798,-0.527234257233921,0.856923010899318
1.92120815461321,0.0384368414759949,0.0578507042481702,-0.407847758248619,-1.11072398833375,-0.243098209585093,1.35866576877003,0.477114245376879,1.66599089998742,-0.461038338884354
1.5098548579768,-0.16816299181802,0.944225289376759,0.387584918040847,2.45899120349098,-0.478543237763877,1.16321454390236,-0.491405300209402,-1.1392006399734,2.41677335378821
-0.889284398071151,-0.584189408985592,-0.294231849492569,-0.558288003324279,-0.773312386463012,-0.710417122207556,1.66152394534788,-1.3193853133442,0.143623234662747,-1.65104889568819
0.198680207047596,0.891898666517829,1.67136844844011,-0.0220150362400862,0.174643374960065,-0.211244627717603,0.204030979829896,1.29542579083131,-1.09955094170275,-0.463987242966015
1.15136467995391,1.13933307604848,0.486997818356882,0.815603462122397,-2.05814136474925,1.64178447087543,-0.581883686869775,-1.42021949166693,0.903516426361675,0.825379862759242
1.10252557067069,0.0194424834681,0.547294217368083,-0.914014481393565,-0.654460530329722,0.301846720563439,0.555204061863422,-0.93889591970583,1.48377948873809,0.510132546878663
-0.895383046063281,3.27178275094146,0.877530983969036,-0.554820797749138,0.731773364128733,0.487329123215285,1.05872312582593,0.62896499251984,1.95072100640115,-0.589481038515
1.4098008988475,-0.00299321217346231,-1.48223225272895,0.532223347384848,0.50523305857902,0.838735792432261,2.41363327147105,-1.2621945493896,0.797600657589519,-0.996780742207522
-0.70459579703588,2.9238239501318,-0.0105240124009548,0.415709689724458,0.410572221752549,2.071741512886,-1.96498233271119,-0.551870413272792,1.84326625457782,0.144475704710697
0.126642533268377,-0.133879522065291,0.214424248543628,0.806859181812312,-0.466765303532686,0.77561884207953,0.273235703066817,-1.18279950678248,1.24642390866165,-0.0143074131669134
0.168755803793434,-1.57070706216679,-0.76672924833678,1.25274819689651,-1.84357246605783,-1.42711135295193,0.654794582869646,0.62066355772895,-0.131874911824015,-1.79028123726406
-1.9199911245538,-1.42476658017077,0.0121705199650967,0.769852741781516,-1.07282462705942,-1.03351133546615,-0.0545986553603831,0.446313016638096,0.4770372382847,0.034551067133851
-0.133307420233706,-0.871469943087801,-0.721340330848372,-1.07763260721319,-0.229828765324043,-1.58945511359183,-1.55782224848511,0.421884693273688,-0.971994211475933,0.190230315692457
-2.10038657301994,1.47840798244259,0.219747429679615,0.153781366543957,0.6216371749907,-2.84854676989379,0.741500892086244,0.442464772145637,-0.185202169400994,0.174726396981842
-1.96633850418178,1.70332330212618,-1.78482822322188,-0.399087420248963,0.837445481389698,1.29073392779261,-0.779085741263919,0.557245746378939,1.22096370834882,-1.05501704260268
0.320515432417219,0.397608592961342,0.284409588673499,-0.00585749811279422,-0.302888049153909,-0.493723874282408,0.505861498830513,0.639356491970517,0.54128414348235,0.476133278302629
0.341243420633991,0.308495292568104,-0.636273493528611,0.917362355389143,-0.151552534412389,0.394970677706016,0.90755170601785,-1.96866155667422,0.45735733162533,1.37857013695924
0.974334700699356,-0.536955292638044,0.939339897411908,0.276155443869339,-0.162851522523741,1.18161785314391,1.28395701047459,-0.148816361359868,-1.03813103968721,0.456236403179813
0.379546198219388,-0.676675596367901,-1.97311049815324,0.155188360208886,0.0578455329557257,-0.511832694580471,-1.55786379738557,0.112463812551901,-0.604513230334117,-1.13558847037434
-0.673769295614138,-0.717903102159638,0.0425133093058528,-0.120114745397783,1.53714488558615,-0.134967648662221,1.08174184817912,0.72467620264776,-0.764606013753569,-0.435645469691905
-0.800727074103756,-0.870549994900966,-0.22090964246246,0.397018504856981,-0.726712528090392,0.350256179524455,-0.756981356946019,-1.18748607600528,0.395295870013499,0.346103619553607
0.804554506792211,-0.539922449848325,0.940523613128399,-1.17862518855815,-0.204762719552353,0.225879221817625,-1.28901947384896,-0.499600189815913,-0.990507630466559,-0.647045631318269
1.45103564875772,-0.622689767958637,-1.58001110881281,-0.421548024007117,0.078726292442996,-0.774315249588103,1.31432066591943,-1.07364299075116,0.562041390099052,-2.15764633501528
0.798793711024647,0.52853744956257,-0.548731015064968,1.61657603604283,-1.33826589318506,0.730815610006591,1.14625997326498,1.05724021270968,-1.11641641193354,0.884250820028209
0.21692478937968,0.77081867169404,0.711861517361881,0.616122843297705,-0.921029235202948,0.545635528242466,-0.242583267705004,1.27907258320933,1.82853045813536,-0.829477611624518
-0.0689971962824077,1.60318075443505,0.612873622598499,-0.9617940267648,0.200261948609106,-0.288449295921491,0.759540706238345,0.787676725359233,0.460591349478104,-0.573560270768283
1.6284169621075,-2.44862135362922,0.356334107598921,-1.22855665934927,0.427069127739095,-1.222380910859,-0.860325741423062,-1.22240338257699,-0.70100361225327,1.50390060900454
-2.49168698142231,0.495119681899253,0.288570307268879,-0.959330253589292,1.14009020938031,0.633333595568586,-0.151031579052044,0.451952116736654,0.241045932501223,-0.774144929605405
0.99290910096881,-0.318468478289267,-1.66854171402762,0.580156856563299,-0.465705956438507,1.427519655915,-0.0937232337608719,1.15044918638092,-0.352453199227956,0.845731540189296
-0.167695281953007,-0.266390602550299,0.851062197178538,0.433158964582613,1.45390062123435,1.38051749338936,-0.280740054504004,0.167940980736459,0.371147959759657,-1.26068287881878
-1.12710117964319,-1.64170410993825,0.215776063450083,-0.568582303141119,-0.864556217319535,0.872634566795338,0.734098736497243,-0.56610933289597,0.2435327187603,-0.354542403073978
0.836662040400748,-0.0328780548058861,-1.81470708529688,-0.368684340898934,-1.59628307950226,-0.483135068652272,1.53732753549595,-1.08611824061135,-1.01411417266147,-0.0735560191364783
-0.980278646483449,-0.776007105490692,-0.173451330152109,0.978228069525606,-1.94601344555199,-0.531346919490549,-0.455771062778902,-0.665302795560156,-0.79131387881947,-1.16865142442436
0.344005988229784,0.355759428247928,0.953767761271997,-0.307073609966018,1.10405027494058,-0.587684756585901,-0.0326584523557289,0.714848355949339,0.299593684739564,-0.634748264908909
0.185534561177573,-1.11280918419286,0.703787584477816,-0.0584092798451658,0.304872111305456,-0.411697868987503,1.6367573491655,-0.431661100381928,1.63905190875156,-0.0288415529283144
0.141199612995274,3.44599197819979,-0.631284950402577,0.352533747158679,-0.130421889948526,0.709185621253385,-0.329041970526538,0.227614939940088,1.08461700867092,0.67069596873393
-1.85209740277942,-0.78209886700799,0.907591768209854,-0.182327630508894,-0.293613387011894,0.256396753535657,-2.6040381706071,1.2949457956703,-0.624567473618094,-1.65054654342511
0.162420018098686,-0.282203311332044,-0.396963325733646,-0.735026404402801,1.58625545540677,-1.8563605863048,0.513983786447932,0.578334940469455,0.825922901647494,-0.349754239211268
-0.493178962831244,-1.22876619131156,0.381958965453471,-0.41294127515641,1.20114550405925,-1.86058762981445,-0.886468011111257,1.36467278147354,-0.0485683527562885,0.756406438545484
-0.70378506653743,-0.325172996563801,0.928532701142653,-1.08100043519868,-1.00373971119925,-0.0228340937343522,-0.998538406003926,-1.70157980266041,0.301313651718405,-0.538809159977592
-1.18362070634854,2.13425460540829,0.390576088768169,0.469312616007674,-1.39101698281623,0.149938747281039,1.42081681358485,-0.280676279713792,0.260361490736558,0.227291921672942
-1.1386981820339,-0.386892082931343,-0.652702548747161,1.33204012251754,1.08529588092986,-2.30747434203529,2.44799800701523,0.0650680194921931,2.57544976372339,0.492228570064431
-0.84560346853087,0.610203857819049,0.819982366814568,0.244262635869097,0.560611806017343,-0.816447225812107,-1.03978254140354,0.578589291608515,-1.18528881058722,0.267835015331683
1.24699040807504,-0.939779775135914,1.47743008578332,0.81272922619384,-0.510980985089714,0.0275611516966839,1.03102518166676,-1.16920662152897,0.100919859012857,0.653257679471382
0.695165011889778,1.53836358801599,-0.929196433792633,-0.651135024934329,0.396451965571097,1.46178591517648,-0.0941478383696331,0.806184855447289,-1.77997728796762,-0.12270866097738
0.27483248030804,0.468351598166099,-0.182194333185985,-0.140308776263568,-2.02323110391136,-2.01286872832228,0.141807459220448,0.307390076162333,0.589835922958758,-0.41367651359212
1.71648527264982,-0.71663302769885,1.0036584716744,-0.13611215659361,-0.665141472933446,-1.25544427798198,1.2222367014564,0.263806013604717,1.0966084717214,-2.64314895202898
1.61208119736512,0.230438944862016,-0.851991888128706,-1.43064062509921,0.435007205526097,-1.08030684721822,0.213674518441066,0.508484791605046,1.44566224110115,-0.092941018479472
0.902960768100829,-0.38686369131377,-1.71937580296318,0.08889294253109,-0.0729116390239619,0.175396078648851,-0.851365353860758,-0.116358439876994,-1.92514525183712,0.430284696359987
-1.18344198624181,0.50870846650783,-0.494699035304771,0.479237258969012,-1.28188764411534,0.330839221414253,-0.470408874742861,0.925546098499114,0.41276949719403,0.53539884086815
1.43308002390937,-0.809396597344662,1.06648977745833,0.683406455538803,1.01526613067697,-0.320689231300393,0.686135255298873,0.64822977373149,1.59336995138365,-0.555278351313252
-0.202126635484378,0.463215859683372,-1.36184763274346,1.3156540407747,1.16305933920202,-1.61232868794999,-2.3359473318599,-0.150209374167699,-0.414015863042303,1.77950290977515
-0.242671297917503,1.58317836100403,-0.24830383060076,-1.4726494367775,-0.940039838457001,-0.630552416864319,1.09524438184847,1.0403770193407,-0.212150532081949,0.286424419628825
0.237540119595662,1.26276162796841,0.961930078148629,0.617651459020608,-0.185466629123019,-0.560485986655885,-1.56715009883224,0.292558684946182,-0.0365372222047413,0.126315858458886
0.0629377155423012,0.304992512785019,0.0469274542718289,0.717074072832601,0.730613939460249,-0.202581284417019,0.0219310628183824,0.668751399439465,0.365018751433036,1.27226677946852
-0.493880053554895,0.333676634814215,0.566919054335015,-0.210025808024777,0.863724842718663,1.62288518113168,-0.19035897759196,-0.594177641624221,0.665159875745969,-0.718466221319259
0.684869475041558,0.421503008938672,1.62398016004902,0.602459332748625,-0.528747614634865,-0.676770530437996,1.29306948602434,1.58043183698592,1.31782088371148,-0.450338623924712
-0.48204249043091,0.898379755642647,0.900771211455154,-1.4145324747417,-0.878539839568099,0.0762644051386911,0.188849315056629,-0.0039889443499837,-0.0954875904449924,2.39745248004976
-0.564795167351673,0.385927146861621,0.591190651472621,0.214394673940768,0.345075406845387,-0.705398341626911,0.101939134905212,0.847842768893476,0.196278045472469,0.011129187220888
-0.254293407504726,0.606090117308301,0.490986408183824,-3.12908819139171,-1.91601821802967,-1.24022784904392,0.698135808858598,-0.100116525892691,2.48799787722146,1.63356842140831
-0.759682871256907,0.637811527522779,-1.15841660363659,0.31205830314547,-0.950077589348363,0.635947897868601,-0.827014556190432,-0.279629906980599,0.431098928114991,-1.43850664491452
0.153682006360345,0.227793843711254,0.839196893439883,1.60156345500434,0.773587127057442,-1.05062867965275,-0.195898856066376,0.784438245280006,0.188753109329833,-0.190516802042901
-0.0972534984139286,0.720449424080687,0.542106621872022,1.54198702770824,-1.7037984055143,2.73520918962219,1.17758441380777,-1.58461664459117,-1.34224312528345,0.378423903636832
-0.295900576371233,0.0578393567246293,0.403620734272322,-2.6596693797359,-1.20077712678264,0.0925629378272146,0.683473620979851,0.47836614779403,0.00285604762222659,0.300038545205798
0.463791381562935,1.01128638626024,0.0572003437749521,0.535026842684138,-0.240785063614367,0.0602535760786764,-1.27549670675253,0.393566372994815,-0.221326153166881,-1.00563625951084
-1.82483093838315,-0.428251372732744,-1.27104788310115,-0.349720994346983,-0.302073501137212,-0.0665452110108605,0.637956367410881,-2.69532936912452,-0.0110458298093738,0.0192592746253708
0.252441911929357,0.193770942237221,0.153593751976728,-0.0250080580964582,-1.75404475768728,1.84364554004006,-1.37758962460372,0.368377328533257,-0.575417641271167,-1.07742065311198
0.901248254480784,0.0324641118561838,1.25495609521765,-2.2161334557135,0.50937884189092,0.663927110403606,-0.59831080371967,-2.16841774734701,-0.686815652442701,0.712703325244282
0.880440689856259,-1.07415455414373,-0.611712959847967,0.385040501175137,-1.02145633708376,-0.250990643747969,1.21092038385701,0.65980437689272,-0.720773631820122,1.08477508986065
2.23177009882985,1.19882598973803,-1.80084924747675,-0.526720687742884,-0.158058937403218,-1.16618980661084,-2.25104517544585,-0.45391373338119,-0.214504515399774,-2.22498769648741
-0.639834830368802,-1.16243321340069,1.83802787018593,0.373889488898866,-0.196572207000955,-1.03872776071744,-1.77901419088083,-0.694936825234894,1.36813264802863,1.23569346230014
-0.980103654491157,1.30512922116238,-0.564277936786275,-0.191218200356621,0.696628740831187,-0.78498930533731,1.30137267282642,-0.00684630317266509,1.04908662655933,-1.24104449680849
0.326097975989528,-1.06846647571752,1.14035660065238,-1.02543755537228,-0.0659814597136106,1.21494843097831,-0.814792784052655,1.37305204498399,-0.359975117943056,0.454769268982633
-1.68526239503335,-0.982083465583142,0.624053470472814,0.333196336107161,-0.13434798554826,-0.188981575770903,1.24370701857891,-0.635323077217894,-1.68591645453874,0.659902638142608
1.21069157198561,0.860888491074712,1.65773610024556,0.595069071311139,1.65474084400222,-0.757198622679825,-0.168250200756106,0.558103293948777,-0.844583428535954,-0.199889828101433
-1.04711359062743,-0.081744927167929,-0.0420905845473089,0.0543192874307289,0.371894882020314,0.792059477880274,0.427775678362924,0.341157868421877,-0.457760533240508,-0.645113956859792
0.438546775700866,-1.8451908393036,-0.300444528172987,0.567101587438083,0.623540462610103,1.34518001902217,0.813278889629239,-1.17951862914156,0.103638004228304,0.16532102124205
-0.33780518841252,1.50342038213375,1.7322579791517,-0.464010628735977,0.474898626830697,-0.694531484071315,-0.651211869360044,-1.74102201733397,-0.662607275700815,0.438818700714454
-2.37947638574378,-2.48852743080384,2.15652982339948,1.28480081505999,0.571634626645242,-0.444932544042374,-0.304590923146605,-1.99258577123914,2.00668069083189,0.883302819948705
0.259344892403064,-0.692526021320325,0.318518880351254,-0.35797228180566,1.33573646703799,0.345284186723786,-0.415097169645636,0.551274211467889,-0.272267534418351,-2.05233698390195
-1.10300468277767,-1.52033934327632,0.16984704552344,-0.579651889845945,-0.0571041609665933,-0.00484443653596692,2.81608427602238,-0.0347420615312984,-1.21394447023951,-1.63637926805902
0.922301059107954,-0.567967502113959,0.742349498291056,1.04159278248064,0.242843946422432,0.406366471484777,0.126147069097579,1.85057170361062,-0.141261757282513,1.43040234118818
-2.45149100964402,0.0886811291310934,-0.672536690409532,1.11488218107788,1.96963413281427,1.71419852577143,0.472800423111086,0.573675108263045,-1.00537758159341,1.04662884711155
-0.131003819224936,-0.333540775490231,0.49782615238744,0.680655637101081,-0.530038313429479,-0.0603865541209644,-0.34075354094095,0.849695891082609,0.156155707275326,0.435288948907682
-1.05339701036674,-0.578854149910313,-0.989612002140715,0.220506659926104,1.29100897953624,-0.280702267534243,-0.24179064265461,1.33438358533495,0.233633614089869,0.71517840711106
1.12716590131421,-0.163795855729233,-0.297479614412297,1.5948859846481,-0.607078196072321,0.485414460894456,1.37875466885731,-0.500719097964974,0.355587611628384,0.917174917641003
-0.727834639228732,0.269165410758008,0.794883533831671,-1.0106408939135,1.71013967532023,-0.049344529739962,-0.338883669537391,0.510097928228489,-1.62185825912421,-2.66092279846568
0.935340589208178,-0.855759582087002,-0.762953410175363,1.1377699929415,-0.666247379760654,0.627765061532786,0.0201363027607609,0.868793270244154,0.220711290970649,1.11027709663882
-0.468292103835751,-2.07485622665075,0.850860623631441,1.71439383448494,-0.814372276715255,-0.223971151420257,0.376962164141067,1.36935168800303,0.310450080541646,-0.484987596562325
0.12982106876817,-0.925845864287955,0.502179059686094,0.0546095741367307,1.03640262444953,0.443522714401107,-0.431723745037877,0.762651146326369,-1.42110844750449,0.230616830631202
1.46235284119442,-1.90435779127418,1.43374253551606,0.585722003945402,0.964931532612911,-1.56374070756789,1.95906415617703,0.421147173037333,0.955365639730411,-0.295157800883577
-0.682169375643072,0.635338733866089,2.16566298935473,0.609702193642644,0.551710837460081,0.0139036583033916,-1.42845961222117,-0.868224047271223,0.784170879094338,0.871964954078744
1.81861838674073,1.87015838792933,-0.575375757570541,1.19358200831037,0.273188529340283,-0.516215987283684,2.01129297984563,0.729560360957693,2.29961936115445,-0.348472448955611
0.986158368247289,-1.14546193848128,0.390638832603374,-0.858810426620774,0.241859803341899,-1.19054257551753,-0.351591888879179,0.500265872418287,0.156702987375728,0.518503765888248
1.28460132176685,-0.885435444170508,1.55866378109588,0.895706193348967,2.05476070604651,-0.413069207837028,1.35711964684949,0.634250253706911,0.0467335275180007,-0.390684978638979
-2.24640056940027,-0.875533900687168,0.199045427726552,-1.70894706616893,-1.43253449521809,0.371994945422908,-1.99917741100747,0.423645045572256,0.0965858340824363,-1.09278720910151
-0.168516631588257,0.788390456341582,-0.653813001319679,2.07690354539009,-0.986336317053269,0.0923429640204638,0.956080621428453,-0.201838044710004,0.0697662309003006,1.21001051044026
-1.46661662751573,0.0313446839741886,-0.997570805415241,-0.571339759295446,-1.27914012290609,0.693483762521126,0.876431264976865,-0.0768658984340142,-1.84847277533767,0.740900011274274
0.759275035989203,0.488947815943938,1.4004443032093,-0.316190965486705,0.960755490376344,0.940899243153547,-1.27121697156009,0.687364113281517,-1.67112705864224,1.72426223915645
1.22277702922995,0.771469878691198,2.59949170568404,0.258885176649788,-0.245641935333867,0.828464029727859,-0.768323878489628,0.17163150692454,-0.0775389667912034,0.0651539325793032
-0.617535389141603,0.247834608669137,-1.04730028301091,-1.25031206020367,-0.130008455896796,-0.324489176475348,0.193524845470222,-0.830108574326988,-0.581067380566498,1.12500274582817
-0.511773942223519,0.447831638138293,0.1105373040221,-0.262894843235988,1.78330681833913,-1.32815619805706,1.14383542879701,-0.290159119805667,0.0547365250574253,1.97541905401908
-1.62158019298443,-1.16256526522146,-1.56806914561435,0.0614874404655674,-0.579026452784536,-0.280334969912362,-0.765999304028674,-1.31912572417651,-2.11120837326053,-0.281482115038967
0.790937635334595,-0.0617882821038358,0.0696712063141521,-0.339967488178091,2.02279460124328,1.16965543651082,-0.224125999053298,-0.967031902668912,-1.49869825452676,-1.32295111275522
1.46152195521853,-0.616103464566919,-0.307179864752321,2.02629406134448,-1.40944081364363,-0.121476364908072,1.57134693497734,-0.144611070135517,-1.10148343893874,-0.239351567138116
-1.69993221571343,-1.30482930362763,-0.0120532862537221,-1.78676065095644,1.31783561304849,-1.63729165104512,-1.12734724085149,-1.79813255637493,0.986058221060247,-0.214041239985383
-1.81251474524571,-1.16898434302642,2.89485439080467,-0.105388415641915,0.323121002574827,0.491383222869776,0.947793980716858,-1.68854247459158,-1.09849000709012,0.15168050450932
1.14414109742141,0.937609547717227,-1.39868047845967,1.17884728859329,-0.388600519991625,0.281819310693371,0.448768189234897,1.10256519943608,-0.799513953576531,1.71230497731928
1.34854185723644,-1.3005469870359,0.432113401706453,-0.836164804463538,-0.172836903387074,-0.400603355192185,-1.10581452855633,-0.57661892421144,0.0798738186740527,-0.326143892505348
0.371556455073257,-0.404328026761701,1.83265771671135,-0.138951121805986,1.33897466777892,0.173361502856003,-0.667867842173781,-1.85169172955149,-0.322746361825109,0.373004655804915
0.242249032302166,0.982565049225279,-0.611022543415865,1.94328489677314,1.70380587237689,1.36938766954533,0.783277510302197,-0.112863239428975,0.146417178667962,-0.227684064895531
-0.621258548098154,0.329259493151393,-0.819342713160187,-1.86734559765039,-1.67846782105134,1.29919609375684,0.248959432712127,1.32106926722151,2.30506198204569,0.0204507085250325
0.339038070553804,0.652347233454389,0.04830946044581,-0.80359786515808,3.42109460835705,-0.456296893545459,1.42509827746748,0.662254296934641,-1.12460367125824,0.314057663506262
-0.452140126031672,0.33137935811481,1.30055136995643,-1.19840856257805,2.57794265437777,0.010664861858056,-0.601783962091586,0.441383198353637,-0.305469639909805,1.32821469603699
2.04323321252589,-0.148875337173038,-0.343124840404993,0.62952138428992,-0.52532183465562,-1.45408914493424,-1.71448769637948,1.18374591227984,-0.516759449743733,0.121318377490778
-0.449337685075739,-2.19971757795955,-1.02579127077834,-0.866128522960584,-0.0643819052069338,-0.727753325968744,1.04782692647826,-0.771501441100894,1.51239542683245,0.712842320031113
-3.13738452799538,-0.608838514896523,0.0705485417925557,0.467805602966812,-0.663547355536672,2.00824039746518,-0.608621618434128,0.729689191352037,-0.769484922890278,0.778860029783535
0.499962209076086,-1.37830797006746,-2.01781926811074,-0.645806382206571,-0.0930010885901879,1.49800968551095,0.120340526822556,-0.58708561577886,-0.0820869037757183,0.914773270855634
-1.25714158968218,-0.37808428586824,-1.4754551209871,-0.152525559658479,0.739859438245835,-0.229254725283134,1.7190418138518,0.000764186362514016,0.787133614322708,-0.574394552184383
0.822761428159943,2.05410707311695,1.08646279809096,0.856214879376642,0.103362814930562,-0.692465145302773,-0.250414052311195,2.21446531934013,-1.0585905359484,1.62688121419468
-1.54609608135241,0.138225403263888,0.458815574442382,0.137003753628528,0.192006998204335,-1.3666232971684,1.54955532739698,0.969434395709261,1.65517581574201,-0.380956739294013
-0.258780758988273,-0.719146277753351,-2.17399642996397,-1.94070545396635,1.47880760269639,2.1260518537637,-1.09713964993245,0.768007713717215,0.675762415474246,-0.105784167649752
0.390407377124082,0.888692440655481,0.617616257222932,-0.535887467461224,-2.20386847858085,0.114629724838474,0.925511236116236,-1.10832791181816,-1.07420660953035,1.40405026771417
-0.197270203079809,0.491372928474695,-2.30479535244892,0.713595097676634,-0.491443047401821,-0.593948909367117,0.246799211870998,-0.786235919994713,0.454577809057738,1.29408390614558
-1.94694947947191,-0.0803500691057765,-0.446968711845108,1.86014831963883,0.144417271262889,1.07806733795125,-0.73677153935145,2.2841164802616,-0.213307143233068,-1.08999187241124
-1.42763817341705,-0.227631250524714,0.29949067695872,-1.11482614497505,-0.783100637317684,-1.09958583285891,-1.28000893888965,-1.09330076397331,0.313228771994335,-0.873071000417463
-0.850418042257596,-0.145485583230482,-1.42847458672458,-0.228621036089534,1.06096624028704,0.726564197606452,0.0766436635945079,0.214479375285073,-0.0899751970156634,-1.35807905937061
1.62446909297786,-0.0714200255752952,1.26749748403291,-0.0815898798548839,-0.445505642122027,1.4408703022386,0.255164762454082,0.892571059637072,1.07051603677834,0.181847192619832
-0.126638161398654,0.619530244648906,1.21450578994531,-0.732566487362174,-0.429180153772765,-0.210170159621664,0.277446817034678,1.01875797234226,-1.35110038570333,0.164840867918466
1.27560202747805,0.127656676246875,-0.67485593104277,-1.38263282305576,1.18901180052985,1.45128094388337,0.536856022231548,1.08911201091924,-0.522616697195916,0.364114687355063
0.179496176715821,-0.627376645697984,1.12102190988245,1.83879660034406,0.834294073061504,0.641551431409249,-0.460485565976711,-0.163128989885215,-0.249190677755399,0.552157714218558
